chrom	start	end	z_den_excess	den_excess	div_den_afr	nea_afr	callable_frac	mean_rm	mean_map20	mean_ur	artifact	n_repl_other_wins	evidence_tier
21	21200000	21250000	13.0289	0.00306306	0.00452882	0.00146576	0.62662	0.482955	0.849424	0	False	2	Moderate
22	46700000	46750000	10.6091	0.00250277	0.0040693	0.00156653	0.5581	0.474403	0.739324	0	False	2	Moderate
21	24050000	24100000	9.43357	0.00223058	0.00420806	0.00197748	0.49766	0.609053	0.7507	1	True	2	Artifact-likely
21	19250000	19300000	8.96778	0.00212273	0.00381053	0.0016878	0.45166	0.76947	0.612354	1	True	2	Artifact-likely
21	46250000	46300000	8.67682	0.00205536	0.00414823	0.00209287	0.55258	0.527869	0.751182	0.747541	False	2	Moderate
21	43900000	43950000	7.29144	0.00173459	0.00263541	0.000900823	0.61602	0.430303	0.856771	0	False	2	Moderate
22	50550000	50600000	6.11928	0.00146318	0.00260083	0.00113765	0.52842	0.575342	0.664228	0	True	2	Artifact-likely
22	39650000	39700000	5.60636	0.00134442	0.00286339	0.00151897	0.5697	0.606936	0.687135	1	True	1	Artifact-likely
21	21800000	21850000	5.35294	0.00128574	0.00420165	0.00291591	0.51988	0.683824	0.640152	0	True	2	Artifact-likely
21	43800000	43850000	5.25968	0.00126415	0.00310602	0.00184187	0.66534	0.445455	0.84255	1	True	2	Artifact-likely
22	37900000	37950000	5.17433	0.00124438	0.00286045	0.00161607	0.47174	0.676617	0.589316	1	True	2	Artifact-likely
21	46300000	46350000	5.14255	0.00123703	0.00304754	0.00181051	0.55328	0.423387	0.779046	0	False	2	Moderate
21	19350000	19400000	4.99076	0.00120188	0.00247183	0.00126995	0.52258	0.635922	0.678218	0	True	1	Artifact-likely
22	39350000	39400000	4.96477	0.00119586	0.00238596	0.0011901	0.32288	0.572254	0.645022	0	True	1	Artifact-likely
22	36800000	36850000	4.89279	0.0011792	0.00243015	0.00125095	0.37512	0.762162	0.398045	0	True	2	Artifact-likely
21	29550000	29600000	4.82284	0.001163	0.00297237	0.00180937	0.48312	0.725	0.659251	1	True	2	Artifact-likely
21	45300000	45350000	4.76607	0.00114985	0.00192935	0.000779496	0.50196	0.603306	0.734594	0	True	2	Artifact-likely
21	22400000	22450000	4.63103	0.00111859	0.00373536	0.00261677	0.57882	0.385542	0.822314	0	False	1	Moderate
21	25500000	25550000	4.57926	0.0011066	0.00365747	0.00255087	0.59506	0.368421	0.809984	0	False	2	Moderate
21	42300000	42350000	4.56047	0.00110225	0.00271913	0.00161688	0.4709	0.69802	0.721455	0.564356	True	1	Artifact-likely
21	25850000	25900000	4.55073	0.00109999	0.00238969	0.0012897	0.54578	0.6	0.721354	0	False	2	Moderate
21	43600000	43650000	4.52167	0.00109327	0.00257476	0.00148149	0.5791	0.574586	0.685714	1	True	2	Artifact-likely
21	19450000	19500000	4.50814	0.00109013	0.00325331	0.00216318	0.49128	0.639175	0.708115	0	True	2	Artifact-likely
21	20300000	20350000	4.43864	0.00107404	0.00270433	0.00163029	0.60136	0.440945	0.804462	0	False	2	Moderate
21	35750000	35800000	4.37185	0.00105858	0.00262945	0.00157087	0.56902	0.541063	0.746269	0	False	1	Moderate
21	26150000	26200000	4.27459	0.00103606	0.00257289	0.00153683	0.6411	0.57754	0.811261	0	False	1	Moderate
21	41600000	41650000	4.23764	0.0010275	0.00251857	0.00149107	0.56188	0.668539	0.690613	1	True	1	Artifact-likely
22	50500000	50550000	4.23327	0.00102649	0.00221563	0.00118914	0.4663	0.651934	0.62004	0	True	2	Artifact-likely
21	22900000	22950000	4.04274	0.000982373	0.00235516	0.00137279	0.55256	0.698324	0.72736	0.860335	True	1	Artifact-likely
21	27600000	27650000	4.03853	0.000981397	0.00193395	0.000952553	0.48822	0.643357	0.275	0.27972	True	2	Artifact-likely
21	25800000	25850000	3.99663	0.000971697	0.00231193	0.00134023	0.61094	0.441379	0.75651	0	False	2	Moderate
22	43150000	43200000	3.95151	0.00096125	0.00296577	0.00200452	0.4085	0.558011	0.600329	0.40884	True	2	Artifact-likely
22	38000000	38050000	3.88597	0.000946073	0.00221624	0.00127017	0.5438	0.487013	0.696759	0	True	2	Artifact-likely
22	46750000	46800000	3.87808	0.000944247	0.0030033	0.00205905	0.5587	0.382075	0.796737	0	False	2	Moderate
21	23750000	23800000	3.80329	0.00092693	0.00367777	0.00275084	0.51698	0.759494	0.695699	1	True	2	Artifact-likely
21	37450000	37500000	3.78191	0.00092198	0.00246393	0.00154195	0.31734	0.89418	0.580038	0	True	0	Artifact-likely
22	22350000	22400000	3.65563	0.00089274	0.00288781	0.00199507	0.56952	0		0	False	2	Moderate
21	28500000	28550000	3.43601	0.00084189	0.00193812	0.00109623	0.587	0.45283	0.801876	0.163522	False	1	Moderate
21	38000000	38050000	3.39579	0.000832577	0.00246225	0.00162967	0.53588	0.563725	0.651042	1	True	1	Artifact-likely
21	35800000	35850000	3.38773	0.00083071	0.0021769	0.00134619	0.5383	0.735714	0.660671	0	True	2	Artifact-likely
22	38350000	38400000	3.3752	0.00082781	0.00130888	0.00048107	0.55344	0.545455	0.636905	0.785124	True	1	Artifact-likely
22	19450000	19500000	3.34656	0.000821178	0.00160344	0.000782262	0.5614	0.485714	0.721955	0	False	1	Moderate
21	22500000	22550000	3.34578	0.000820997	0.00229502	0.00147402	0.63006	0.488189	0.771429	0	False	2	Moderate
22	38500000	38550000	3.34395	0.000820573	0.00244074	0.00162017	0.5276	0.60221	0.689571	0	True	1	Artifact-likely
21	27350000	27400000	3.34234	0.0008202	0.00206684	0.00124664	0.58392	0.343612	0.816744	0.947137	True	2	Artifact-likely
22	19900000	19950000	3.33592	0.000818713	0.00209392	0.00127521	0.41342	0.627778	0.642655	0	True	1	Artifact-likely
21	46100000	46150000	3.32535	0.000816267	0.00248985	0.00167358	0.51294	0.554054	0.737847	0.844595	False	2	Moderate
21	20450000	20500000	3.29316	0.000808813	0.00235549	0.00154668	0.5769	0.655556	0.72693	0	True	1	Artifact-likely
21	36800000	36850000	3.26009	0.000801157	0.00147058	0.000669423	0.56798	0.424242	0.836439	1	True	2	Artifact-likely
21	36750000	36800000	3.23694	0.000795795	0.00187823	0.00108243	0.61368	0.473118	0.753333	0.510753	False	1	Moderate
21	45550000	45600000	3.23468	0.000795273	0.00216036	0.00136509	0.59456	0.362573	0.838889	0	False	1	Moderate
21	32800000	32850000	3.1831	0.00078333	0.00205071	0.00126738	0.48252	0.577778	0.640827	1	True	1	Artifact-likely
21	27400000	27450000	3.17258	0.000780895	0.00184145	0.00106056	0.60362	0.486772	0.727718	1	True	1	Artifact-likely
21	25550000	25600000	3.07057	0.000757273	0.00185372	0.00109645	0.59118	0.572973	0.683892	0	True	2	Artifact-likely
22	44900000	44950000	3.06449	0.000755867	0.0031003	0.00234443	0.53722	0.665158	0.698565	1	True	1	Artifact-likely
21	43850000	43900000	3.03969	0.000750123	0.00224328	0.00149316	0.60722	0.4	0.871585	1	True	2	Artifact-likely
21	28800000	28850000	3.00953	0.00074314	0.00283553	0.00209239	0.6032	0.610256	0.690538	1	True	1	Artifact-likely
