chrom	start	end	n_pol	n_der_any	pat_den_only	pat_nea_all	pat_nea_any	pat_all_arch	pat_alt_only	pat_vin_only	pat_chag_only	callable_common	callable_den	callable_alt	callable_vin	callable_chag	div_den_alt	div_den_vin	div_den_chag	div_alt_vin	div_alt_chag	div_vin_chag	div_den_afr	div_den_eur	div_alt_afr	div_alt_eur	div_vin_afr	div_vin_eur	div_chag_afr	div_chag_eur	mean_map20	mean_rm	mean_ur	mean_bsc	n_sites	callable_frac	callable_frac_den	anc_valid_bp	hum_sub	sub_rate	repeat_frac	R_den_afr	R_alt_afr	R_vin_afr	R_chag_afr	R_nea_afr	f_nea_all	f_den_only	f_all_arch	f_alt_only	f_vin_only	f_chag_only	z_den_afr	p_den_afr	cddr	low_quality
14	48300000	48320000	349	238	6	0	0	0	0	0	0	9504	10843	10730	10771	10907	0.00147306	0.00147306	0.00147306	0	0	0	0.00716064	0.00604205	0.00670792	0.00586907	0.00670792	0.00586907	0.00670792	0.00586907	0.779167	0.571429	0	943.5	349	0.4752	0.4752	9393	73	0.00777174	0.59925	0.921369	0.863117	0.863117	0.863117	0.863117	0	0.0252101	0	0	0	0	11.1528	0.000481696	True	False
14	42040000	42060000	330	199	33	0	2	0	2	0	0	11274	13130	13753	13641	13514	0.00660812	0.00647508	0.00647508	0.000133049	0.000133049	0	0.00678002	0.00661302	0.000634451	0.000446993	0.000501401	0.000313944	0.000501401	0.000313944	0.821092	0.450549	0.285714	845.912	334	0.5637	0.5637	11166	77	0.00689593	0.4377	0.983192	0.0920037	0.0727098	0.0727098	0.0791411	0	0.165829	0	0.0100503	0	0	10.4322	0.000963391	True	False
14	49000000	49020000	327	183	21	0	2	0	2	0	0	9618	10700	10755	10889	10934	0.0062383	0.00629029	0.0062383	0.000467873	0.000415887	0.000155958	0.00641196	0.00652503	0.00110755	0.00115778	0.00115953	0.00120976	0.00110755	0.00115778	0.677215	0.95625	1	953.156	337	0.4809	0.4809	9490	100	0.0105374	0.82925	0.608495	0.105106	0.11004	0.105106	0.106751	0	0.114754	0	0.010929	0	0	9.73546	0.00144509	True	True
14	107000000	107020000	336	209	0	0	0	3	0	0	0	7971	9523	9236	9542	8996	0.00357546	0.000501819	0.000627274	0.00313637	0.00332455	0.00025091	0.00618922	0.0041694	0.00657998	0.00549816	0.00630557	0.00429461	0.00642789	0.00442006		0	0		372	0.39855	0.39855	5729	91	0.0158841	0.6141	0.389649	0.414249	0.396974	0.404674	0.405299	0	0	0.0143541	0	0	0	9.31381	0.00192678	True	False
14	23100000	23120000	307	180	3	1	1	3	0	0	0	8431	9580	9628	9865	9764	0.000533745	0.000533745	0.000652354	0	0.00011861	0.00011861	0.0061337	0.00686365	0.00595991	0.00661333	0.00595991	0.00661333	0.00607852	0.00673194	0.74664	0.70068	0	889.776	310	0.42155	0.42155	6027	42	0.00696864	0.63945	0.880186	0.855247	0.855247	0.872268	0.860921	0.00555556	0.0166667	0.0166667	0	0	0	9.20869	0.00240848	True	False
14	46300000	46320000	249	146	22	2	4	0	2	0	0	8243	9671	9957	9925	10058	0.00618707	0.00606575	0.00606575	0.000121315	0.000121315	0	0.00612373	0.00606818	0.00179511	0.00190678	0.0016738	0.00178547	0.0016738	0.00178547	0.797804	0.591549	0	904.634	249	0.41215	0.41215	8069	38	0.00470938	0.65515	1.30033	0.381178	0.355417	0.355417	0.364004	0.0136986	0.150685	0	0.0136986	0	0	9.18982	0.00289017	True	False
14	92220000	92240000	275	161	30	0	0	0	0	0	0	9215	11023	11118	10934	10825	0.00656538	0.00661964	0.00661964	5.42594e-05	5.42594e-05	5.42594e-05	0.00608445	0.00596855	0.00133641	0.001157	0.00139058	0.00120954	0.00139058	0.00120954	0.666667	0.681529	1	737.127	276	0.46075	0.46075	9035	37	0.00409519	0.6032	1.48576	0.326336	0.339564	0.339564	0.335155	0	0.186335	0	0	0	0	9.11547	0.00337187	True	False
14	20520000	20540000	454	281	10	0	2	0	0	0	0	11237	12807	13120	13131	13133	0.00596245	0.00565097	0.0053395	0.00191332	0.00382664	0.00191332	0.00582453	0.0058718	0.00341739	0.00358261	0.00287704	0.00282874	0.00233669	0.00207488	0.792636	0.454545	0	952	460	0.56185	0.56185	10899	79	0.00724837	0.5201	0.803564	0.47147	0.396922	0.322375	0.396922	0	0.0355872	0	0	0	0	8.62341	0.00385356	True	False
14	20320000	20340000	244	119	0	0	0	0	0	0	0	6722	7863	7945	7983	7918	0.00104136	0.00304969	0.00304969	0.00319845	0.00319845	7.43826e-05	0.00532769	0.0057532	0.00519918	0.00554763	0.00462718	0.00372776	0.00462718	0.00372776		0.412281	0		277	0.3361	0.3361	0	0		0.53335						0	0	0	0	0	0	7.68286	0.00433526	True	False
14	74760000	74780000	254	155	8	2	2	0	0	0	0	7922	9922	10155	10012	9564	0.00593285	0.00605908	0.00593285	0.000126231	0	0.000126231	0.00528302	0.00616548	0.00169595	0.00112054	0.00182218	0.00124677	0.00169595	0.00112054	0.603147	0.6	1	577.345	256	0.3961	0.3961	7702	39	0.00506362	0.57545	1.04333	0.334928	0.359857	0.334928	0.343238	0.0129032	0.0516129	0	0	0	0	7.59831	0.00481696	True	False
14	85320000	85340000	425	247	27	3	3	0	0	0	0	13622	15364	15705	15900	15872	0.00491851	0.00491851	0.00499192	0	7.34107e-05	7.34107e-05	0.00510291	0.00520293	0.000655513	0.000725466	0.000655513	0.000725466	0.000728924	0.000798877	0.866788	0.411348	0	943	428	0.6811	0.6811	13513	83	0.00614223	0.42555	0.830791	0.106722	0.106722	0.118674	0.110706	0.0121457	0.109312	0	0	0	0	7.25734	0.00529865	True	False
14	73060000	73080000	497	273	33	1	3	0	1	0	0	14262	16262	16404	16554	16371	0.00476791	0.00497826	0.00483803	0.000350582	0.000210349	0.000140233	0.0049979	0.00501141	0.00104858	0.0011652	0.00125893	0.00137541	0.00111869	0.00123518	0.888158	0.272727	0.0247934	788.612	502	0.7131	0.7131	13168	85	0.00645504	0.25795	0.774263	0.162443	0.19503	0.173305	0.176926	0.003663	0.120879	0	0.003663	0	0	7.05855	0.00578035	True	False
14	106760000	106780000	183	95	0	0	0	0	0	0	0	7876	9478	9671	9139	9341	0.00603098	0.00247588	0.00247588	0.00584053	0.00584053	0	0.00499015	0.0051902	0.00494319	0.00507092	0.00262117	0.00284104	0.00262117	0.00284104		0	0		273	0.3938	0.3938	0	0		0.42						0	0	0	0	0	0	7.04388	0.00626204	True	False
14	40120000	40140000	277	171	22	0	5	0	4	0	0	8648	9880	9972	10014	9951	0.0047988	0.00456753	0.0051457	0.000231267	0.00127197	0.0010407	0.004985	0.00487068	0.00100982	0.000819993	0.00077855	0.000589015	0.00104569	0.00119868	0.626781	0.652542	1	740.839	280	0.4324	0.4324	8571	37	0.00431688	0.6183	1.15477	0.233923	0.18035	0.242232	0.218835	0	0.128655	0	0.0233918	0	0	7.03414	0.00674374	True	False
14	106740000	106760000	199	120	0	1	1	0	0	0	0	6022	6734	6834	6731	6817	0.00531385	0.00381933	0.00224178	0.00190966	0.00365327	0.00182664	0.0048557	0.00513167	0.0029085	0.00361453	0.00279178	0.00308368	0.00390438	0.00419062		0	0		217	0.3011	0.3011	1073	19	0.0177074	0.4818	0.274218	0.164253	0.157662	0.220494	0.180803	0.00833333	0	0	0	0	0	6.78935	0.00722543	True	False
14	24260000	24280000	242	130	15	1	2	0	1	0	0	7672	9159	9012	9189	9115	0.00410584	0.00417101	0.00410584	0.00032586	0.000260688	6.51721e-05	0.00484977	0.00485519	0.00126569	0.00127072	0.00133087	0.0013359	0.00126569	0.00127072	0.652954	0.717557	1	871.298	245	0.3836	0.3836	6051	37	0.00611469	0.74795	0.793133	0.206992	0.217651	0.206992	0.210545	0.00769231	0.115385	0	0.00769231	0	0	6.77813	0.00770713	True	False
14	83540000	83560000	386	197	0	0	0	1	0	0	0	11825	13752	13438	13609	13669	0.00038055	0.000211416	0.00012685	0.000338266	0.0002537	8.45666e-05	0.00449542	0.00438921	0.00428688	0.00420528	0.00445525	0.0043334	0.00453981	0.00441796	0.798729	0.590164	0	976.295	387	0.59125	0.59125	11738	83	0.00707105	0.5742	0.635749	0.606257	0.630069	0.642028	0.626118	0	0	0.00507614	0	0	0	6.10732	0.00818882	True	False
14	24940000	24960000	297	178	2	1	1	0	0	0	0	8320	9466	9480	9610	9412	0.000661058	0.000661058	0.00432692	0	0.00390625	0.00390625	0.00448588	0.0061896	0.00429069	0.00596343	0.00429069	0.00596343	0.00444905	0.00436907	0.846154	0.625	0	656.5	307	0.416	0.416	8208	85	0.0103558	0.65635	0.433175	0.414327	0.414327	0.429619	0.419424	0.00561798	0.011236	0	0	0	0	6.08926	0.00867052	True	False
14	41500000	41520000	406	252	4	3	6	0	1	1	0	11782	13624	13509	13732	13276	0.000509251	0.000636564	0.000551689	0.000466814	0.000339501	0.000466814	0.00448347	0.00511618	0.00444167	0.00508344	0.00456899	0.00521084	0.00448411	0.00512588	0.815942	0.57265	0	940.362	415	0.5891	0.5891	11616	74	0.00637052	0.5203	0.703785	0.697223	0.717208	0.703885	0.706105	0.0119048	0.015873	0	0.00396825	0.00396825	0	6.08472	0.00915222	True	False
14	22720000	22740000	344	209	3	0	9	0	1	4	0	9410	11044	10830	11158	10733	0.00265675	0.00116897	0.00255048	0.00255048	0.00031881	0.00265675	0.0043806	0.00528335	0.00449037	0.00519986	0.00440631	0.00529878	0.00446448	0.00518443	0.756881	0.5	0	911.818	345	0.4705	0.4705	9327	64	0.0068618	0.5684	0.638403	0.654401	0.642151	0.650629	0.64906	0	0.0143541	0	0.00478469	0.0191388	0	5.88996	0.00963391	True	False
14	46320000	46340000	281	169	4	6	7	0	1	0	0	8259	9384	9440	9586	9671	0.00678048	0.00678048	0.00671994	0.00012108	6.054e-05	6.054e-05	0.00436449	0.0046458	0.00473354	0.00481384	0.00473354	0.00481384	0.004673	0.0047533	0.772321	0.714286	0	905.143	283	0.41295	0.41295	7950	47	0.00591195	0.7407	0.738248	0.800673	0.800673	0.790433	0.79726	0.035503	0.0236686	0	0.00591716	0	0	5.85946	0.0101156	True	False
14	22600000	22620000	512	299	9	0	4	0	4	0	0	13674	15762	15959	15917	16083	0.00548486	0.00329092	0.00336405	0.00336405	0.00343718	7.31315e-05	0.00429612	0.00475464	0.00314765	0.00251251	0.00406731	0.00404763	0.00414044	0.00412076		0.278351	0		514	0.6837	0.6837	13490	83	0.00615271	0.36995	0.698249	0.511587	0.66106	0.672946	0.615198	0	0.0301003	0	0.0133779	0	0	5.73005	0.0105973	True	False
14	86720000	86740000	264	150	1	2	2	0	0	0	0	7654	9101	9345	9388	9180	0.00470342	0.00470342	0.00470342	0	0	0	0.00429057	0.00419706	0.00180272	0.00214697	0.00180272	0.00214697	0.00180272	0.00214697	0.76087	0.826087	1	955	266	0.3827	0.3827	7584	45	0.00593354	0.799	0.723104	0.303818	0.303818	0.303818	0.303818	0.0133333	0.00666667	0	0	0	0	5.71953	0.011079	True	True
14	62900000	62920000	381	202	2	1	1	0	0	0	0	9926	11219	11490	11376	11327	0.00483578	0.00483578	0.00478541	0	5.03728e-05	5.03728e-05	0.00424962	0.00385514	0.00243531	0.00316408	0.00243531	0.00316408	0.00238494	0.00311531	0.674874	0.810606	1	889.348	385	0.4963	0.4963	9843	61	0.0061973	0.86495	0.685721	0.392963	0.392963	0.384835	0.390254	0.0049505	0.00990099	0	0	0	0	5.64201	0.0115607	True	True
14	39140000	39160000	208	125	6	0	2	0	0	0	0	6597	7455	7629	7700	7773	0.00227376	0.00348643	0.00106109	0.00136426	0.00136426	0.00272851	0.00417664	0.00385824	0.00274548	0.00267396	0.00207223	0.0022476	0.00341872	0.00310032	0.580484	0.846154	1	838.778	208	0.32985	0.32985	6287	37	0.00588516	0.8524	0.70969	0.466508	0.352111	0.580905	0.466508	0	0.048	0	0	0	0	5.50386	0.0120424	True	True
14	46880000	46900000	358	197	6	1	1	0	0	0	0	11074	12879	12928	12702	12699	0.00428933	0.00428933	0.00446993	0	0.000180603	0.000180603	0.0041405	0.00400042	0.00124232	0.0013367	0.00124232	0.0013367	0.00142293	0.0015173	0.814356	0.584158	0	882.99	362	0.5537	0.5537	10955	59	0.00538567	0.5183	0.768799	0.230672	0.230672	0.264206	0.24185	0.00507614	0.0304569	0	0	0	0	5.43544	0.0125241	True	False
14	48600000	48620000	345	196	6	4	6	0	2	0	0	10039	12154	11693	11900	11857	0.00209184	0.00189262	0.00189262	0.000199223	0.000199223	0	0.00409784	0.00426155	0.00387963	0.00403125	0.00368041	0.00383202	0.00368041	0.00383202	0.737768	0.724771	0	956	346	0.50195	0.50195	9964	94	0.00943396	0.69	0.434371	0.411241	0.390123	0.390123	0.397162	0.0204082	0.0306122	0	0.0102041	0	0	5.35468	0.0130058	True	False
14	92240000	92260000	366	192	24	0	0	0	0	0	0	12571	14690	14917	14774	14677	0.00441492	0.00453425	0.00449447	0.000119322	7.95482e-05	0.000119322	0.0040787	0.00398193	0.00135334	0.00126801	0.00147254	0.00138599	0.00143277	0.00134622	0.782313	0.641509	1	722.821	368	0.62855	0.62855	11953	55	0.00460136	0.45875	0.886411	0.294118	0.320023	0.311379	0.308507	0	0.125	0	0	0	0	5.31845	0.0134875	True	False
14	27540000	27560000	431	242	1	0	2	0	1	0	0	13529	15279	15599	15552	15089	0.000369576	0.000406534	0.000406534	0.000221746	0.000295661	0.000221746	0.00407814	0.00438593	0.00424056	0.00457072	0.00424056	0.00457072	0.00424056	0.00457072	0.801961	0.313953	1	967.977	437	0.67645	0.67645	13357	93	0.00696264	0.2508	0.585718	0.609046	0.609046	0.609046	0.609046	0	0.00413223	0	0.00413223	0	0	5.3174	0.0139692	True	False
14	26720000	26740000	354	185	3	0	5	0	2	0	0	12217	14387	14139	14430	13670	0.000491119	0.000982238	0.00114594	0.000818532	0.000982238	0.000327413	0.00407366	0.00418205	0.00405323	0.00418172	0.00453963	0.00467284	0.00453963	0.00467284	0.765432	0.540541	0	953.216	359	0.61085	0.61085	11919	67	0.00562128	0.5207	0.724685	0.721051	0.80758	0.80758	0.778737	0	0.0162162	0	0.0108108	0	0	5.30891	0.0144509	True	False
14	56000000	56020000	278	151	6	0	0	0	0	0	0	9394	10742	10979	11105	10889	0.00388546	0.00399191	0.00393868	0.000106451	5.32255e-05	5.32255e-05	0.00403749	0.00412063	0.00236177	0.00228312	0.00246822	0.00238957	0.002415	0.00233634	0.675654	0.728155	1	658.097	280	0.4697	0.4697	9287	62	0.006676	0.61185	0.604777	0.353771	0.369716	0.361743	0.361743	0	0.0397351	0	0	0	0	5.24044	0.0149326	True	False
14	20500000	20520000	366	209	1	0	2	0	0	0	0	10277	11775	11543	11913	11696	0.00491389	0.00442736	0.00384353	0.00184879	0.00360027	0.00184879	0.00402406	0.00434482	0.00292384	0.00276426	0.0024784	0.00242137	0.00193565	0.00198117	0.5	0.646341	0		378	0.51385	0.51385	9981	63	0.00631199	0.55905	0.637527	0.46322	0.392649	0.306663	0.387511	0	0.00478469	0	0	0	0	5.21502	0.0154143	True	False
14	29100000	29120000	249	141	4	2	4	1	2	0	0	6746	7996	8243	8130	8095	0.000667062	0.000667062	0.000815298	0.000296472	0.000444708	0.000296472	0.00402172	0.00412296	0.00409583	0.00419708	0.00409583	0.00419708	0.00424407	0.00434532	0.599398	0.722892	0	951.627	253	0.3373	0.3373	6636	40	0.00602773	0.75835	0.667203	0.679499	0.679499	0.704091	0.687696	0.0141844	0.0283688	0.0070922	0.0141844	0	0	5.21058	0.015896	True	False
14	105000000	105020000	435	254	4	2	8	1	6	0	0	12404	14458	14504	14566	14621	0.00096743	0.000886811	0.00092712	0.000806192	0.000846501	0.000282167	0.0040209	0.00470911	0.00423031	0.00493525	0.00411208	0.00490399	0.00391857	0.00466238	0.855797	0.4	0	982	438	0.6202	0.6202	11904	104	0.00873656	0.4945	0.460238	0.484208	0.470675	0.448526	0.467803	0.00787402	0.015748	0.00393701	0.023622	0	0	5.20903	0.0163776	True	False
14	40100000	40120000	249	156	12	0	2	0	0	0	0	7894	9421	9314	9265	9297	0.00253357	0.00259691	0.00247023	6.33392e-05	0.00082341	0.000886749	0.00401063	0.00540882	0.00225149	0.00363002	0.00231483	0.00369336	0.00218567	0.00349617	0.578014	0.680556	0.972222	738.84	251	0.3947	0.3947	7784	32	0.004111	0.67715	0.975585	0.547676	0.563083	0.531664	0.547474	0	0.0769231	0	0	0	0	5.18959	0.0168593	True	False
14	62840000	62860000	334	175	7	0	0	0	0	0	0	10350	11990	11942	11834	11965	0.00410628	0.00410628	0.00410628	0	0	0	0.00400932	0.00399443	0.0016551	0.00160238	0.0016551	0.00160238	0.0016551	0.00160238	0.699377	0.909091	1	889.2	334	0.5175	0.5175	9858	52	0.0052749	0.7824	0.760076	0.313769	0.313769	0.313769	0.313769	0	0.04	0	0	0	0	5.18712	0.017341	True	True
14	40480000	40500000	385	188	7	5	9	0	2	1	0	12387	14556	14626	14465	14233	0.00137241	0.00125131	0.00133204	0.000282554	0.000282554	0.000242189	0.00396646	0.00377359	0.00364599	0.00346862	0.00368574	0.00349808	0.00376647	0.00358009	0.867521	0.25641	0	908.154	389	0.61935	0.61935	12269	81	0.00660201	0.27045	0.600795	0.552255	0.558276	0.570504	0.560345	0.0265957	0.037234	0	0.0106383	0.00531915	0	5.10597	0.0178227	True	False
14	42200000	42220000	271	155	4	0	0	0	0	0	0	9479	11050	11073	11325	11011	0.000843971	0.000843971	0.000843971	0	0	0	0.00396598	0.00421732	0.00412633	0.00441171	0.00412633	0.00441171	0.00412633	0.00441171	0.751501	0.803571	0	882.598	273	0.47395	0.47395	9348	50	0.00534874	0.86275	0.741479	0.771459	0.771459	0.771459	0.771459	0	0.0258065	0	0	0	0	5.10506	0.0183044	True	True
14	48540000	48560000	492	285	2	2	2	2	0	0	0	12557	14667	14455	14703	14666	0.000995461	0.000995461	0.00115473	0	0.000159274	0.000159274	0.00395743	0.00337708	0.00425634	0.00393691	0.00425634	0.00393691	0.00441561	0.00409619	0.821429	0.466667	0	949.956	495	0.62785	0.62785	12177	110	0.00903342	0.5033	0.438088	0.471176	0.471176	0.488808	0.477054	0.00701754	0.00701754	0.00701754	0	0	0	5.08889	0.0187861	True	False
14	34700000	34720000	395	226	5	0	1	0	1	0	0	13472	15786	16100	15930	15788	0.00189281	0.0018557	0.0018557	3.7114e-05	3.7114e-05	0	0.00395068	0.00376456	0.00441355	0.00410528	0.00437644	0.00406816	0.00437644	0.00406816	0.875672	0.464	0	952.216	398	0.6736	0.6736	13331	98	0.00735129	0.39165	0.537414	0.600378	0.59533	0.59533	0.597012	0	0.0221239	0	0.00442478	0	0	5.07611	0.0192678	True	False
14	46340000	46360000	215	124	7	0	1	0	1	0	0	6285	7688	7238	7194	7171	0.00493238	0.00493238	0.00501193	0.000159109	0.000238663	0.000238663	0.0039347	0.00341998	0.00262342	0.0036464	0.00262342	0.0036464	0.00270298	0.00372595	0.681518	0.745098	0	893.088	217	0.31425	0.31425	6223	52	0.0083561	0.76	0.470878	0.313953	0.313953	0.323473	0.317126	0	0.0564516	0	0.00806452	0	0	5.04585	0.0197495	True	False
14	95120000	95140000	403	237	5	0	1	0	0	0	0	11206	13131	13214	12911	13321	0.000803141	0.000936998	0.000713903	0.000356952	0.000178476	0.000490808	0.00390066	0.00280759	0.00403404	0.00283029	0.004042	0.00288963	0.00407171	0.00283463	0.71337	0.705263	0	970	406	0.5603	0.5603	11083	77	0.00694758	0.5915	0.561442	0.58064	0.581786	0.586062	0.582829	0	0.021097	0	0	0	0	4.98141	0.0202312	True	False
14	22440000	22460000	288	167	4	1	2	1	0	0	0	9408	11060	11041	10974	10967	0.002179	0.00111607	0.00164753	0.00127551	0.000637755	0.000637755	0.00388247	0.00371593	0.00317178	0.00308424	0.00397308	0.00376929	0.00357243	0.00342676	0.778736	0.457831	0	946	327	0.4704	0.4704	2896	29	0.0100138	0.623	0.387712	0.316741	0.39676	0.35675	0.35675	0.00598802	0.0239521	0.00598802	0	0	0	4.94698	0.0207129	True	False
14	82120000	82140000	287	171	6	3	5	0	0	0	2	10040	11445	11348	11577	11503	0.00393426	0.00398406	0.00408367	4.98008e-05	0.000149402	9.96016e-05	0.00388151	0.00408728	0.001016	0.0010273	0.0010658	0.0010764	0.0011654	0.00117571	0.730392	0.724138	1	832.103	287	0.502	0.502	9944	63	0.00633548	0.53695	0.612663	0.160366	0.168227	0.183948	0.170847	0.0175439	0.0350877	0	0	0	0.0116959	4.94516	0.0211946	True	False
14	42520000	42540000	244	141	4	0	1	1	0	0	0	7703	9020	9136	9411	9023	0.000519278	0.000714008	0.000778917	0.000324549	0.000324549	0.000194729	0.0038731	0.00382041	0.00374307	0.00368802	0.00393721	0.00387761	0.00400231	0.0039438	0.552827	0.733333	0	871.808	245	0.38515	0.38515	7618	40	0.00525072	0.6705	0.737632	0.712869	0.749841	0.76224	0.74165	0	0.0283688	0.0070922	0	0	0	4.92924	0.0216763	True	False
14	62680000	62700000	322	167	6	2	2	0	0	0	0	9988	11733	11548	11352	11440	0.00375451	0.00375451	0.00385463	0	0.00010012	0.00010012	0.00382865	0.00368375	0.000664237	0.000440218	0.000664237	0.000440218	0.000764357	0.000540338	0.754252	0.693878	0	815.878	326	0.4994	0.4994	9815	79	0.0080489	0.7393	0.475674	0.0825252	0.0825252	0.0949642	0.0866715	0.011976	0.0359281	0	0	0	0	4.8451	0.022158	True	False
14	20480000	20500000	382	231	15	0	3	0	0	0	0	12079	14339	14308	14489	14388	0.00318735	0.0035185	0.00397384	0.00173855	0.00318735	0.00161437	0.00377068	0.00374603	0.0030677	0.00258785	0.00246697	0.00219541	0.00180806	0.00168439	0.854938	0.547619	0		396	0.60395	0.60395	11193	90	0.00804074	0.50395	0.468947	0.381519	0.306809	0.224862	0.304396	0	0.0649351	0	0	0	0	4.73536	0.0226397	True	False
14	59540000	59560000	359	205	5	0	0	0	0	0	0	11107	12997	13098	13335	12889	0.0043216	0.0043216	0.00441163	0	9.00333e-05	9.00333e-05	0.0037212	0.00367361	0.00306323	0.00273284	0.00306323	0.00273284	0.00315326	0.00282287	0.799383	0.561404	1	771.289	362	0.55535	0.55535	11027	77	0.00698286	0.47535	0.532905	0.438678	0.438678	0.451572	0.442976	0	0.0243902	0	0	0	0	4.64168	0.0231214	True	False
14	81300000	81320000	363	190	25	0	0	0	0	0	0	13970	15862	16233	16314	15781	0.00350752	0.0035791	0.00350752	7.1582e-05	0	7.1582e-05	0.00371715	0.00366309	0.000540258	0.000433665	0.00061184	0.000505247	0.000540258	0.000433665	0.78853	0.365591	1	568.957	366	0.6985	0.6985	13837	47	0.00339669	0.2925	1.09435	0.159054	0.180128	0.159054	0.166079	0	0.131579	0	0	0	0	4.63402	0.0236031	True	False
14	26540000	26560000	360	184	10	0	1	0	0	0	1	12465	14407	14544	14756	14503	0.00180505	0.00180505	0.0019655	0	0.000160449	0.000160449	0.00370822	0.00378511	0.00233054	0.00243095	0.00233054	0.00243095	0.00249099	0.00259132	0.845109	0.489362	1	959.649	361	0.62325	0.62325	12358	69	0.00558343	0.43715	0.664148	0.417403	0.417403	0.44614	0.426982	0	0.0543478	0	0	0	0.00543478	4.61711	0.0240848	True	False
14	81280000	81300000	275	145	21	4	4	0	0	0	0	9355	10732	11033	10938	10960	0.00416889	0.00411545	0.00411545	0.000160342	0.000160342	0.000106895	0.00370162	0.00374357	0.00121087	0.00126162	0.00124766	0.00129468	0.00124766	0.00129468	0.66433	0.567568	0.945946	586	277	0.46775	0.46775	9266	70	0.0075545	0.55195	0.489989	0.160285	0.165155	0.165155	0.163532	0.0275862	0.144828	0	0	0	0	4.60462	0.0245665	True	False
14	34300000	34320000	385	200	10	3	5	1	1	0	0	11291	13282	13158	13460	13114	0.00283412	0.00274555	0.00274555	8.85661e-05	0.000177132	8.85661e-05	0.00369134	0.00384272	0.00226791	0.0023952	0.00217935	0.00230663	0.00217928	0.00230646	0.787879	0.522222	0	948.889	410	0.56455	0.56455	9462	77	0.00813781	0.4782	0.453603	0.278688	0.267805	0.267796	0.27143	0.015	0.05	0.005	0.005	0	0	4.58515	0.0250482	True	False
14	96760000	96780000	348	178	7	0	7	0	0	0	1	12244	14496	14404	14263	14671	0.00212349	0.00351192	0.000694218	0.0017968	0.00187847	0.00355276	0.00366896	0.00365965	0.00223851	0.00231172	0.000808061	0.000963786	0.00362812	0.00361882	0.796196	0.414141	1	443.384	352	0.6122	0.6122	12127	59	0.00486518	0.275	0.754125	0.460108	0.166091	0.745732	0.45731	0	0.0393258	0	0	0	0.00561798	4.54278	0.0255299	True	False
14	42540000	42560000	388	216	8	0	4	0	2	0	1	12410	14461	14259	14311	14242	0.00128928	0.00112812	0.00124899	0.00016116	0.00020145	0.00012087	0.00366019	0.00360126	0.00320926	0.00317109	0.0030481	0.00300993	0.0031689	0.00313	0.865625	0.555556	0.259259	881.42	392	0.6205	0.6205	12166	94	0.00772645	0.5557	0.473721	0.41536	0.394502	0.410137	0.406666	0	0.037037	0	0.00925926	0	0.00462963	4.52618	0.0260116	True	False
14	46820000	46840000	392	227	3	0	4	0	0	0	4	11876	13756	13855	14176	13781	0.000547322	0.000757831	0.00122095	0.000210509	0.000673627	0.000884136	0.00365957	0.00311448	0.00375031	0.00333286	0.00396082	0.00354336	0.00408662	0.00366967	0.80292	0.510949	0	868.752	397	0.5938	0.5938	11753	100	0.00850847	0.41975	0.43011	0.440774	0.465515	0.4803	0.462196	0	0.0132159	0	0	0	0.0176211	4.52502	0.0264933	True	False
14	81500000	81520000	197	99	3	0	0	0	0	0	0	6784	7923	7985	8173	7895	0.00051592	0.00051592	0.00051592	0	0	0	0.00365578	0.00351831	0.003242	0.00310525	0.003242	0.00310525	0.003242	0.00310525	0.699123	0.72449	0	804.969	200	0.3392	0.3392	6652	66	0.00992183	0.8156	0.368458	0.326754	0.326754	0.326754	0.326754	0	0.030303	0	0	0	0	4.51783	0.026975	True	False
14	27620000	27640000	337	186	3	1	1	1	0	0	0	11081	12661	12782	12798	12649	0.00058659	0.000631712	0.000496345	0.000225611	9.02446e-05	0.000135367	0.0036089	0.00380914	0.00329522	0.00349329	0.00352056	0.0037189	0.00338519	0.00358353	0.772152	0.7375	1	960.862	343	0.55405	0.55405	10845	78	0.00719225	0.72395	0.501776	0.458162	0.489493	0.470672	0.472776	0.00537634	0.016129	0.00537634	0	0	0	4.42909	0.0274566	True	False
14	24200000	24220000	241	123	1	1	1	0	0	0	0	6756	7934	8552	8314	8321	0.0035524	0.00310835	0.00340438	0.00044405	0.000148017	0.000296033	0.00360262	0.00359239	0.00171479	0.00152253	0.00164414	0.00147103	0.00156677	0.00137451		0	1		248	0.3378	0.3378	6622	86	0.012987	0.5968	0.277402	0.132039	0.126599	0.120641	0.126426	0.00813008	0.00813008	0	0	0	0	4.4172	0.0279383	True	False
14	41660000	41680000	269	153	0	1	1	0	0	0	0	8109	9218	9713	9467	9335	0.00376125	0.00369959	0.00369959	0.00018498	0.00018498	0.00012332	0.00360146	0.00402402	0.00123613	0.000928401	0.00117447	0.000866741	0.00117447	0.000866741		0.681818	0		283	0.40545	0.40545	7565	68	0.00898876	0.6598	0.400662	0.13752	0.13066	0.13066	0.132947	0.00653595	0	0	0	0	0	4.415	0.02842	True	False
14	34360000	34380000	101	72	13	0	0	0	0	0	0	10235	12249	12167	12055	11734	0.00346849	0.00356619	0.00356619	9.7704e-05	9.7704e-05	0.000195408	0.00357267	0.00349493	0.00114362	0.00118984	0.00124132	0.00128754	0.00124124	0.00128735	0.640873	0.75	0	941.818	304	0.51175	0.51175	2407	22	0.00914001	0.69335	0.390883	0.125122	0.135812	0.135803	0.132245	0	0.180556	0	0	0	0	4.36051	0.0289017	True	False
14	47420000	47440000	347	197	3	0	3	1	0	0	1	11601	13536	13383	13807	13503	0.000344798	0.000517197	0.000560297	0.000172399	0.000215499	0.000215499	0.00355468	0.00484719	0.00344226	0.00484171	0.00361466	0.00501411	0.00365776	0.00505721	0.73869	0.496552	1	872	351	0.58005	0.58005	11495	77	0.00669856	0.5104	0.530664	0.513881	0.539618	0.546052	0.533184	0	0.0152284	0.00507614	0	0	0.00507614	4.32646	0.0293834	True	False
14	107060000	107080000	56	29	0	0	0	0	0	0	0	6570	7356	7450	7551	7605	0.0042618	0.00372907	0.00327245	0.00114155	0.000989346	0.000913242	0.00354875	0.00386438	0.00203283	0.00200706	0.00142504	0.00143501	0.0016932	0.00174606		0	0		258	0.3285	0.3285	0	0		0.30585						0	0	0	0	0	0	4.31522	0.0298651	True	False
14	24100000	24120000	424	205	7	0	0	2	0	0	0	11699	13921	14329	13974	14169	0.000427387	0.00102573	0.000598342	0.000598342	0.000170955	0.00064108	0.00354402	0.0036581	0.0032015	0.00331645	0.00340543	0.0035552	0.00326072	0.00339308	0.745333	0.555556	1	882.976	432	0.58495	0.58495	10478	58	0.00553541	0.39955	0.640245	0.578367	0.615208	0.589066	0.594214	0	0.0341463	0.0097561	0	0	0	4.30626	0.0303468	True	False
14	27800000	27820000	334	176	11	2	2	0	0	0	0	11910	13449	13830	13784	13789	0.00365239	0.00365239	0.00365239	0	0	0	0.00353867	0.00361688	0.000902939	0.000490605	0.000902939	0.000490605	0.000902939	0.000490605	0.810897	0.45283	0.849057	935.538	334	0.5955	0.5955	11769	65	0.00552298	0.37585	0.640718	0.163488	0.163488	0.163488	0.163488	0.0113636	0.0625	0	0	0	0	4.29615	0.0308285	True	False
14	42180000	42200000	333	184	9	0	0	0	0	0	0	11248	13310	13458	13208	13640	0.00137802	0.00146693	0.00146693	8.89047e-05	8.89047e-05	0	0.00352793	0.00397143	0.00319077	0.0036528	0.00327953	0.00374046	0.00327953	0.00374046	0.925439	0.460526	0	885.342	333	0.5624	0.5624	11143	64	0.00574352	0.4997	0.614246	0.555543	0.570997	0.570997	0.565846	0	0.048913	0	0	0	0	4.27582	0.0313102	True	False
14	22380000	22400000	373	233	7	0	4	1	0	0	0	12117	14014	13716	14119	14007	0.00651977	0.00354873	0.000784022	0.00321862	0.00631344	0.00321862	0.0035205	0.00283615	0.00437253	0.00532368	0.00378832	0.00388138	0.00331418	0.00262983	0.800926	0.416667	0	930	425	0.60585	0.60585	0	0		0.3824						0	0.0300429	0.00429185	0	0	0	4.26174	0.0317919	True	False
14	86740000	86760000	399	228	3	0	2	0	0	1	1	12298	14540	14579	14341	13982	0.0011384	0.00130102	0.001423	0.000162628	0.000284599	0.000284599	0.00352034	0.00377265	0.00276908	0.00313279	0.00289937	0.00329235	0.00302134	0.00341432	0.803279	0.462687	1	959.373	404	0.6149	0.6149	12140	72	0.00593081	0.36225	0.593569	0.466898	0.488865	0.509431	0.488398	0	0.0131579	0	0	0.00438596	0.00438596	4.26145	0.0322736	True	False
14	107120000	107140000	2	2	0	0	0	0	0	0	0	6755	7852	7796	7861	7727	0.000148038	0.00251665	7.40192e-05	0.00266469	0.000222058	0.00259067	0.00350472	0.00391936	0.00365276	0.0040674	0.00348071	0.00375075	0.00357874	0.00399338	0.916667	0	0		253	0.33775	0.33775	0	0		0.34715						0	0	0	0	0	0	4.23187	0.0327553	True	False
14	21220000	21240000	343	192	5	1	7	0	2	0	0	10238	12159	12171	12069	12142	0.00434655	0.00463958	0.00463958	0.00185583	0.000879078	0.0011721	0.00348941	0.00409061	0.00316562	0.00248512	0.00309379	0.00196389	0.00347121	0.00277034	0.73254	0.678899	0	958	348	0.5119	0.5119	10103	58	0.00574087	0.6054	0.607819	0.551418	0.538906	0.604648	0.564991	0.00520833	0.0260417	0	0.0104167	0	0	4.20289	0.033237	True	False
14	77440000	77460000	271	145	4	4	4	0	0	0	0	7662	9498	9727	9348	9516	0.00326286	0.00326286	0.00326286	0	0	0	0.00348241	0.00348908	0.00138121	0.00147002	0.00138121	0.00147002	0.00138121	0.00147002	0.486111	0.775194	1	902.907	275	0.3831	0.3831	7511	44	0.00585807	0.6484	0.594463	0.235778	0.235778	0.235778	0.235778	0.0275862	0.0275862	0	0	0	0	4.18963	0.0337187	True	True
14	84280000	84300000	389	202	9	4	4	2	0	0	0	13641	15935	15891	15931	15902	0.00113628	0.00113628	0.00106297	0	7.33084e-05	7.33084e-05	0.00348092	0.00352132	0.00336729	0.00340798	0.00336729	0.00340798	0.00329398	0.00333467	0.870614	0.207792	0	891.961	392	0.68205	0.68205	13484	89	0.00660042	0.2414	0.527378	0.510163	0.510163	0.499056	0.506461	0.019802	0.0445545	0.00990099	0	0	0	4.18681	0.0342004	True	False
14	24220000	24240000	281	180	7	1	5	0	1	0	0	8297	9856	9784	10070	10081	0.00488128	0.00301314	0.00391708	0.00319393	0.00168736	0.00162709	0.00347822	0.0039472	0.00248345	0.00192208	0.00273157	0.00303051	0.00257738	0.00244616	0.502033	0.650602	1	889.084	287	0.41485	0.41485	8185	68	0.00830788	0.58485	0.418665	0.298927	0.328792	0.310233	0.312651	0.00555556	0.0388889	0	0.00555556	0	0	4.18171	0.0346821	True	False
14	104740000	104760000	503	282	4	4	6	4	2	0	0	12645	15243	15758	15165	15314	0.000988533	0.000988533	0.000988533	0.000237248	0.000237248	7.90826e-05	0.00344975	0.00239855	0.00357076	0.0026424	0.00360845	0.00271213	0.00360845	0.00271213	0.906977	0.372549	0	962.627	508	0.63225	0.63225	12514	115	0.00918971	0.2834	0.375393	0.388561	0.392662	0.392662	0.391295	0.0141844	0.0141844	0.0141844	0.0070922	0	0	4.12781	0.0351638	True	False
14	91760000	91780000	424	220	10	0	1	0	1	0	0	11746	14505	14883	14170	14268	0.00344798	0.00336285	0.00336285	8.51354e-05	8.51354e-05	0	0.00344739	0.00349575	0.00136989	0.00124525	0.00128475	0.00116011	0.00128475	0.00116011	0.808642	0.320988	0	775.099	426	0.5873	0.5873	11616	68	0.00585399	0.3491	0.588897	0.234009	0.219466	0.219466	0.224314	0	0.0454545	0	0.00454545	0	0	4.12335	0.0356455	True	False
14	74740000	74760000	362	180	11	1	2	0	0	1	0	10890	12633	12629	12594	12537	0.00371901	0.00381084	0.00381084	9.18274e-05	9.18274e-05	0.000183655	0.00344503	0.00374716	0.00124564	0.000218053	0.00133747	0.000309881	0.00133747	0.000309881	0.807018	0.51145	1	572.866	387	0.5445	0.5445	5992	22	0.00367156	0.43855	0.938302	0.339267	0.364277	0.364277	0.35594	0.00555556	0.0611111	0	0	0.00555556	0	4.11888	0.0361272	True	False
14	76320000	76340000	307	168	19	0	2	0	2	0	0	11996	13814	13861	14029	13497	0.00312604	0.0032094	0.00337613	0.000416806	0.000583528	0.000166722	0.00344109	0.00339649	0.000828268	0.000789355	0.000911629	0.000876684	0.00107835	0.00104341	0.716312	0.5625	1	604.062	314	0.5998	0.5998	11865	67	0.00564686	0.4878	0.609381	0.146678	0.16144	0.190965	0.166361	0	0.113095	0	0.0119048	0	0	4.11141	0.0366089	True	False
14	57820000	57840000	246	134	3	0	2	0	1	1	0	8194	9666	9789	9780	9675	0.000793263	0.000793263	0.00237979	0.000244081	0.00231877	0.00231877	0.00342621	0.00400164	0.00306331	0.00369168	0.00306331	0.00369168	0.00485514	0.00552253	0.814677	0.411765	0.779412	680.529	259	0.4097	0.4097	8109	58	0.00715255	0.58655	0.47902	0.428283	0.428283	0.678798	0.511788	0	0.0223881	0	0.00746269	0.00746269	0	4.08325	0.0370906	True	False
14	58100000	58120000	402	215	7	0	1	0	1	0	0	11211	13106	12935	12783	12846	0.000624387	0.000579788	0.000668986	4.45991e-05	0.000133797	8.91981e-05	0.00341096	0.00358744	0.0032176	0.00337729	0.003173	0.00333269	0.00308394	0.00324827	0.748932	0.493671	0	868.595	407	0.56055	0.56055	10979	101	0.00919938	0.57255	0.370782	0.349763	0.344915	0.335234	0.343304	0	0.0325581	0	0.00465116	0	0	4.05438	0.0375723	True	False
14	96080000	96100000	468	293	6	0	0	0	0	0	0	12777	14590	14869	14809	14619	0.0051264	0.00520466	0.0051264	7.82656e-05	0	7.82656e-05	0.00339915	0.00295752	0.00514434	0.006793	0.0052226	0.00687127	0.00514434	0.006793	0.888047	0.515152	0	976	472	0.63885	0.63885	12309	83	0.00674303	0.5786	0.504099	0.762912	0.774519	0.762912	0.766781	0	0.0204778	0	0	0	0	4.03203	0.0380539	True	False
14	40140000	40160000	411	222	25	0	0	0	0	0	0	14958	17295	17291	17222	17540	0.00320899	0.00327584	0.00361011	6.68539e-05	0.00133708	0.00133708	0.00339429	0.00330718	0.000834055	0.000407715	0.000868492	0.000468986	0.000946236	0.00128723	0.913242	0.351351	1	715.446	419	0.7479	0.7479	14761	68	0.00460673	0.32235	0.736811	0.181051	0.188527	0.205403	0.19166	0	0.112613	0	0	0	0	4.02282	0.0385356	True	False
14	30100000	30120000	393	221	10	0	3	0	3	0	0	11667	13433	13940	13615	13709	0.00321419	0.00308563	0.00308563	0.000128568	0.000128568	0	0.00338931	0.00354495	0.00128867	0.000939993	0.0011601	0.000811425	0.0011601	0.000811425	0.770202	0.46	1	761.53	394	0.58335	0.58335	11575	82	0.00708423	0.3294	0.478431	0.181907	0.163758	0.163758	0.169808	0	0.0452489	0	0.0135747	0	0	4.01339	0.0390173	True	False
14	67240000	67260000	225	121	2	4	4	5	0	0	0	8249	9936	9796	9939	9691	0.000787974	0.000787974	0.000848588	0	6.06134e-05	6.06134e-05	0.00338828	0.00309841	0.00357012	0.00326386	0.00357012	0.00326386	0.00363073	0.00332448	0.63782	0.806452	0	357.571	228	0.41245	0.41245	8194	32	0.0039053	0.79675	0.86761	0.914172	0.914172	0.929693	0.919346	0.0330579	0.0165289	0.0413223	0	0	0	4.01144	0.039499	True	True
14	48740000	48760000	284	153	7	1	2	1	1	0	0	8027	9161	9223	9024	9001	0.00211785	0.00211785	0.00199327	0.000249159	0.00012458	0.00012458	0.00336116	0.00278413	0.00224697	0.00133228	0.00224697	0.00133228	0.00212239	0.0012077	0.590164	0.870968	0	949.306	287	0.40135	0.40135	7845	68	0.00866794	0.7535	0.387769	0.259227	0.259227	0.244855	0.254436	0.00653595	0.0457516	0.00653595	0.00653595	0	0	3.96009	0.0399807	True	True
14	56020000	56040000	325	171	13	0	2	0	2	0	0	11678	13302	13412	13745	13365	0.00355369	0.00346806	0.00346806	0.000256893	0.000256893	0	0.0033559	0.00351184	0.00104778	0.000942978	0.000961757	0.000847465	0.000961757	0.000847465	0.768519	0.683544	1	632.38	326	0.5839	0.5839	9895	48	0.00485093	0.65705	0.691805	0.215996	0.198262	0.198262	0.204174	0	0.0760234	0	0.0116959	0	0	3.95014	0.0404624	True	False
14	92880000	92900000	380	220	7	0	0	0	0	0	0	11645	13932	13817	14217	14128	0.00369257	0.00369257	0.00369257	0	0	0	0.00334069	0.00338092	0.00345669	0.00317724	0.00345669	0.00317724	0.00345669	0.00317724	1	0.563636	1		381	0.58225	0.58225	9935	63	0.00634122	0.5155	0.526821	0.545114	0.545114	0.545114	0.545114	0	0.0318182	0	0	0	0	3.92134	0.0409441	True	False
14	52660000	52680000	192	114	0	2	3	0	1	0	0	6785	7839	7880	7773	7636	0.000589536	0.000515844	0.000442152	0.000515844	0.000442152	7.3692e-05	0.00332671	0.00253601	0.00391446	0.00312539	0.00384255	0.00305185	0.00376886	0.00297816	0.560606	0.818182	0	868.127	194	0.33925	0.33925	6737	47	0.0069764	0.7252	0.476851	0.5611	0.550793	0.54023	0.550707	0.0175439	0	0	0.00877193	0	0	3.89488	0.0414258	True	True
14	101580000	101600000	554	344	10	0	1	0	1	0	0	14228	16848	16992	16669	16893	0.000737981	0.000983975	0.00105426	0.000597414	0.000597414	0.000140568	0.00332279	0.00296834	0.00296813	0.00259896	0.00309953	0.002669	0.00312872	0.00270225	0.9375	0.292683	1	982	554	0.7114	0.7114	13090	103	0.0078686	0.3001	0.422285	0.377212	0.393911	0.397621	0.389581	0	0.0290698	0	0.00290698	0	0	3.88747	0.0419075	True	False
14	32320000	32340000	251	142	6	0	1	0	0	0	0	8065	8923	9147	9110	8777	0.00347179	0.00353379	0.00353379	0.000185989	6.19963e-05	0.000247985	0.00331185	0.00369705	0.0037401	0.00135723	0.00379984	0.00138915	0.0038021	0.00141923	0.629108	0.8125	0	780.925	252	0.40325	0.40325	7927	52	0.00655986	0.70715	0.504867	0.570149	0.579256	0.5796	0.576335	0	0.0422535	0	0	0	0	3.86676	0.0423892	True	True
14	36380000	36400000	274	152	19	1	1	0	0	0	0	9926	11682	11956	11885	11473	0.00292162	0.00302237	0.00292162	0.000100746	0	0.000100746	0.00330784	0.0032288	0.000617046	0.000508674	0.000717792	0.00060942	0.000617046	0.000508674	0.589286	0.793651	0	810.25	280	0.4963	0.4963	4936	79	0.0160049	0.77465	0.206677	0.0385536	0.0448482	0.0385536	0.0406518	0.00657895	0.125	0	0	0	0	3.85916	0.0428709	True	False
14	88800000	88820000	344	175	6	7	8	0	0	0	0	11522	13253	12986	13322	13147	0.00164902	0.0017792	0.0018226	0.000130186	0.000173581	0.000130186	0.00330069	0.00310142	0.00333536	0.00323584	0.00346554	0.00336603	0.00350894	0.00340943	0.782051	0.538462	1	640.138	347	0.5761	0.5761	11411	74	0.00648497	0.5203	0.508976	0.514321	0.534396	0.541088	0.529935	0.04	0.0342857	0	0	0	0	3.84564	0.0433526	True	False
14	95360000	95380000	452	266	6	0	1	0	1	0	0	13144	15200	15402	15559	15314	0.00239653	0.00254869	0.00235849	0.000228241	3.80402e-05	0.000190201	0.00329647	0.00364713	0.00350427	0.00332104	0.00365529	0.00347206	0.00346623	0.003283	0.821739	0.547826	1	972.357	453	0.6572	0.6572	13017	82	0.00629945	0.4656	0.523295	0.556282	0.580255	0.550243	0.56226	0	0.0225564	0	0.0037594	0	0	3.83764	0.0438343	True	False
14	76680000	76700000	367	200	5	0	1	0	1	0	0	11780	14030	13511	13480	14035	0.00101868	0.00101868	0.000976231	0.000169779	0.000127334	4.24448e-05	0.0032924	0.00324815	0.00298039	0.00284134	0.00298014	0.00283594	0.00293782	0.0027962	0.797348	0.769231	1	735.978	368	0.589	0.589	11593	60	0.00517554	0.76325	0.636147	0.575861	0.575812	0.567635	0.573102	0	0.025	0	0.005	0	0	3.82994	0.044316	True	False
14	49040000	49060000	283	140	2	4	6	0	2	0	0	8775	10350	10272	10442	10305	0.0037037	0.00358974	0.00358974	0.00034188	0.00034188	0	0.00329072	0.00318253	0.00109606	0.00140587	0.000982097	0.00129191	0.000982097	0.00129191	0.597518	0.617021	1	946.894	287	0.43875	0.43875	8695	60	0.00690052	0.5472	0.476881	0.158837	0.142322	0.142322	0.147827	0.0285714	0.0142857	0	0.0142857	0	0	3.82676	0.0447977	True	False
14	71300000	71320000	295	160	5	1	1	3	0	0	0	9665	11707	11521	11530	11372	0.000517331	0.000569064	0.000569064	5.17331e-05	5.17331e-05	0.000103466	0.00326805	0.00333829	0.00295765	0.00302336	0.00300938	0.0030751	0.00300938	0.0030751	0.692308	0.623529	1	746.212	299	0.48325	0.48325	9475	76	0.00802111	0.6283	0.407431	0.368733	0.375183	0.375183	0.373033	0.00625	0.03125	0.01875	0	0	0	3.78384	0.0452794	True	False
14	99180000	99200000	442	236	18	1	1	0	0	0	0	13831	16093	16396	16276	16087	0.00300051	0.00300051	0.00300051	0	0	0	0.00326611	0.00333238	0.0010826	0.00102439	0.0010826	0.00102439	0.0010826	0.00102439	0.832364	0.325581	0	968.105	444	0.69155	0.69155	13037	78	0.00598297	0.28805	0.545901	0.180946	0.180946	0.180946	0.180946	0.00423729	0.0762712	0	0	0	0	3.78016	0.0457611	True	False
14	52640000	52660000	292	154	5	1	2	0	1	0	0	8843	10208	10437	10810	10645	0.000791587	0.000678503	0.000678503	0.000113084	0.000113084	0	0.00326567	0.0028263	0.00308448	0.00259113	0.0029714	0.00247805	0.0029714	0.00247805	0.716667	0.641667	0	861.25	293	0.44215	0.44215	8780	66	0.00751708	0.6356	0.434433	0.41033	0.395287	0.395287	0.400301	0.00649351	0.0324675	0	0.00649351	0	0	3.77933	0.0462428	True	False
14	72800000	72820000	448	254	8	8	9	0	1	0	0	13368	15909	15690	15449	15675	0.0014213	0.0014213	0.00145871	7.48055e-05	0.000112208	0.000112208	0.00326023	0.00251594	0.00329396	0.00269395	0.00329396	0.00269395	0.00333136	0.00273135	0.816667	0.433333	0.166667	894.6	453	0.6684	0.6684	13068	100	0.00765228	0.31365	0.426047	0.430454	0.430454	0.435342	0.432083	0.0314961	0.0314961	0	0.00393701	0	0	3.76904	0.0467245	True	False
14	26080000	26100000	329	167	13	1	4	0	0	0	0	10239	12183	12611	12248	12366	0.00351597	0.00297881	0.00332064	0.00161149	0.00117199	0.00151382	0.00325668	0.00329285	0.00203359	0.00197684	0.0020357	0.00214915	0.00210176	0.00213071	0.738806	0.432836	1	941.149	338	0.51195	0.51195	10134	81	0.0079929	0.5094	0.407446	0.254424	0.254688	0.262953	0.257355	0.00598802	0.0778443	0	0	0	0	3.76231	0.0472062	True	False
14	20680000	20700000	256	147	1	0	1	0	1	0	0	9674	10994	11093	11214	10960	0.00248088	0.00031011	0.00020674	0.00258425	0.00248088	0.00010337	0.00324782	0.00294888	0.00233591	0.00206983	0.00334993	0.00302616	0.00324656	0.00292279		0.648649	0		295	0.4837	0.4837	903	8	0.00885936	0.4769	0.366597	0.263666	0.378123	0.366455	0.336081	0	0.00680272	0	0.00680272	0	0	3.74554	0.0476879	True	False
14	104620000	104640000	593	322	7	0	1	0	1	0	0	13125	15704	16655	16317	16255	0.0008	0.000838095	0.000647619	0.000228571	0.000228571	0.000190476	0.00323224	0.00318495	0.00323816	0.0031994	0.00327579	0.00322749	0.00308612	0.00304929	0.902778	0.260504	0	916.815	602	0.65625	0.65625	10481	74	0.0070604	0.09675	0.457798	0.458636	0.463966	0.437102	0.453235	0	0.0217391	0	0.00310559	0	0	3.71604	0.0481696	True	False
14	106280000	106300000	181	97	1	2	2	0	0	0	0	7681	8932	8864	8883	8615	0.00331988	0.00338498	0.00364536	0.00110663	0.000976435	0.00104153	0.00323169	0.00327852	0.00160195	0.00148587	0.00166498	0.00148936	0.00121561	0.00158423		0	0		196	0.38405	0.38405	7296	85	0.0116502	0.8024	0.277393	0.137504	0.142914	0.104342	0.128254	0.0206186	0.0103093	0	0	0	0	3.715	0.0486513	True	False
14	92660000	92680000	330	189	3	0	3	0	1	1	0	10189	11896	11876	12037	11840	0.000883306	0.000539798	0.00078516	0.000637943	0.00058887	0.000637943	0.00322441	0.00259186	0.00317126	0.00259265	0.00321736	0.00257265	0.00326138	0.00267928	0.779851	0.521739	1	896.884	338	0.50945	0.50945	9523	73	0.00766565	0.63565	0.420631	0.413698	0.419712	0.425454	0.419621	0	0.015873	0	0.00529101	0.00529101	0	3.70122	0.0491329	True	False
14	96020000	96040000	388	244	7	7	9	0	0	1	0	10031	11881	11775	11792	11734	0.00309042	0.00319011	0.00309042	9.9691e-05	0.000199382	0.000299073	0.00322381	0.00290081	0.00327437	0.00276724	0.00337406	0.00286613	0.00327437	0.00276804	0.576087	0.791667	0	970.125	390	0.50155	0.50155	9941	68	0.00684036	0.66155	0.471292	0.478684	0.493258	0.478684	0.483542	0.0286885	0.0286885	0	0	0.00409836	0	3.70008	0.0496146	True	False
14	41640000	41660000	310	187	0	1	1	0	0	0	0	11061	13054	12988	13011	13252	0.00311907	0.00302866	0.00316427	9.04077e-05	0.000180815	0.000135612	0.00318563	0.00351977	0.00105283	0.000771666	0.000962417	0.000681258	0.00109803	0.00081687		0.613333	0		326	0.55305	0.55305	10870	85	0.00781969	0.50905	0.407386	0.134638	0.123076	0.140418	0.132711	0.00534759	0	0	0	0	0	3.62782	0.0500963	True	False
14	72680000	72700000	458	248	0	1	5	3	2	0	0	12948	14913	14761	14716	14796	0.000308928	0.000308928	0.00038616	0.000308928	0.00038616	7.7232e-05	0.00315385	0.00342052	0.00346265	0.00372945	0.00346265	0.00372945	0.00353988	0.00380668	0.858553	0.589744	1	902.487	461	0.6474	0.6474	12771	88	0.00689061	0.52185	0.457702	0.502517	0.502517	0.513726	0.506253	0.00403226	0	0.0120968	0.00806452	0	0	3.56764	0.050578	True	False
14	76920000	76940000	349	206	11	0	2	0	1	0	0	11592	13477	13725	13608	13570	0.00358006	0.00353692	0.00349379	0.000301932	8.62664e-05	0.000215666	0.00314296	0.00346786	0.00219178	0.00193375	0.00214865	0.00189096	0.00210551	0.00184765	0.701797	0.630631	0.945946	932.441	353	0.5796	0.5796	11100	74	0.00666667	0.4498	0.471444	0.328767	0.322297	0.315827	0.322297	0	0.0533981	0	0.00485437	0	0	3.54704	0.0510597	True	False
14	26620000	26640000	341	175	3	0	0	1	0	0	0	11570	13117	13062	13127	13076	0.000561798	0.000605013	0.000561798	0.000216076	0.000172861	4.32152e-05	0.00313309	0.00318736	0.00308583	0.00314105	0.00329996	0.00335712	0.00325674	0.00331391	0.757843	0.813953	0	970.372	343	0.5785	0.5785	11469	73	0.00636498	0.57915	0.492239	0.484814	0.518455	0.511666	0.504978	0	0.0171429	0.00571429	0	0	0	3.52836	0.0515414	True	True
14	34320000	34340000	331	204	11	0	0	0	0	0	0	9801	11430	11320	11345	11238	0.00255076	0.00244873	0.00244873	0.00010203	0.00010203	0	0.00312598	0.0027063	0.00156422	0.00118637	0.00163429	0.00128495	0.00163429	0.00128495	0.573465	0.833333	0	950.19	331	0.49005	0.49005	9658	64	0.00662663	0.6473	0.47173	0.23605	0.246625	0.246625	0.2431	0	0.0539216	0	0	0	0	3.51488	0.0520231	True	True
14	25560000	25580000	277	142	5	2	2	4	0	0	0	9168	10537	10499	10785	10593	0.00239965	0.00245419	0.00245419	5.45375e-05	5.45375e-05	0.000109075	0.0031102	0.00298879	0.0019304	0.00210482	0.00198494	0.00215936	0.00198494	0.00215936	0.60473	0.635135	0	856.095	280	0.4584	0.4584	8723	52	0.00596125	0.59525	0.521736	0.323825	0.332973	0.332973	0.329924	0.0140845	0.0352113	0.028169	0	0	0	3.48501	0.0525048	True	False
14	104760000	104780000	541	313	11	0	4	0	2	0	0	13293	15703	15991	15586	15857	0.00229444	0.00221921	0.00124125	7.52276e-05	0.00150455	0.00142932	0.00309695	0.00351368	0.00242482	0.00229637	0.00234959	0.00222137	0.0025056	0.0029509	0.699242	0.440678	0	969.381	545	0.66465	0.66465	13140	134	0.0101979	0.32755	0.303685	0.237776	0.230399	0.245697	0.237958	0	0.0351438	0	0.00638978	0	0	3.45993	0.0529865	True	False
14	21100000	21120000	297	163	5	0	0	0	0	0	0	8893	10701	10693	10666	10725	0.00314854	0.00326099	0.00314854	0.000337344	0.000224896	0.000337344	0.00309505	0.0034249	0.00318645	0.0029122	0.00329865	0.00301257	0.00318654	0.0029122	0.621622	0.594595	0	913.946	300	0.44465	0.44465	8767	86	0.00980951	0.51795	0.315515	0.324833	0.336271	0.324842	0.328648	0	0.0306748	0	0	0	0	3.45634	0.0534682	True	False
14	62800000	62820000	365	191	9	0	0	0	0	0	0	11497	13393	13380	13538	13564	0.00282682	0.00295729	0.00287031	0.000130469	4.34896e-05	0.000173958	0.00309345	0.00254543	0.00139208	0.00101907	0.00152248	0.0011486	0.00143557	0.00106256	0.816667	0.516129	1	869.516	371	0.57485	0.57485	11364	89	0.00783175	0.56125	0.394988	0.177748	0.194398	0.183301	0.185149	0	0.0471204	0	0	0	0	3.45331	0.0539499	True	False
14	100020000	100040000	543	299	12	1	6	0	2	0	0	13421	15682	15917	16092	15779	0.00115491	0.00100589	0.00104314	0.000260785	0.000335295	0.000260785	0.00309076	0.00370069	0.00265994	0.00335282	0.00265994	0.00335282	0.0026972	0.00339008	0.895377	0.26087	0	926.746	545	0.67105	0.67105	13326	81	0.00607834	0.26985	0.508488	0.43761	0.43761	0.443739	0.439653	0.00334448	0.0401338	0	0.00668896	0	0	3.44822	0.0544316	True	False
14	62980000	63000000	270	144	2	0	0	0	0	0	0	7672	9009	9081	9066	8915	0.000195516	0.00032586	0.00182482	0.000130344	0.0016293	0.00169447	0.00309071	0.00287061	0.00289519	0.00267509	0.00291176	0.00270321	0.00228702	0.00219751	0.697917	0.652778	1	897.486	276	0.3836	0.3836	7588	75	0.00988403	0.62105	0.312697	0.292916	0.294592	0.231385	0.272964	0	0.0138889	0	0	0	0	3.44812	0.0549133	True	False
14	56040000	56060000	322	176	5	0	1	1	1	0	0	11016	13381	13339	13534	12938	0.00213326	0.00217865	0.00222404	0.000226943	0.000272331	4.53885e-05	0.0030795	0.00324616	0.00270988	0.00266591	0.00275464	0.0026948	0.00279982	0.00273469	0.879032	0.514706	1	528.676	322	0.5508	0.5508	10936	58	0.00530358	0.4878	0.580646	0.510952	0.519392	0.527911	0.519419	0	0.0284091	0.00568182	0.00568182	0	0	3.42691	0.055395	True	False
14	82560000	82580000	381	200	7	1	4	0	1	2	0	13928	15933	16065	16066	15968	0.003195	0.00197444	0.00305141	0.00165135	0.000287191	0.00157955	0.00307468	0.00319255	0.000772868	0.000762356	0.00183376	0.00188778	0.000834405	0.00081731	0.876812	0.26087	1	953.565	387	0.6964	0.6964	13817	91	0.00658609	0.33515	0.466844	0.117348	0.278429	0.126692	0.174157	0.005	0.035	0	0.005	0.01	0	3.41777	0.0558767	True	False
14	83320000	83340000	400	218	7	0	2	0	1	0	1	12562	14621	14524	14272	14367	0.00171151	0.00171151	0.00163191	0.000318421	0.000238815	0.000238815	0.00305905	0.00291075	0.00261549	0.00249857	0.00261555	0.00249857	0.00253595	0.0024188	0.840909	0.333333	1	960.636	405	0.6281	0.6281	12430	106	0.00852776	0.40605	0.358717	0.306703	0.306711	0.297376	0.303597	0	0.0321101	0	0.00458716	0	0.00458716	3.38819	0.0563584	True	False
14	42500000	42520000	323	191	3	1	4	1	3	0	0	9940	11448	11640	11690	11463	0.0028169	0.00291751	0.0028672	0.000402414	0.000402414	0.000100604	0.00305824	0.00322032	0.00491335	0.00503272	0.00501363	0.00512934	0.00501363	0.00512934	0.732955	0.822917	0	858.292	327	0.497	0.497	8044	37	0.0045997	0.65395	0.664878	1.06819	1.08999	1.08999	1.08272	0.0052356	0.0157068	0.0052356	0.0157068	0	0	3.38665	0.0568401	True	True
14	24240000	24260000	412	251	11	0	1	0	0	0	0	11793	14373	14308	14130	14070	0.00529975	0.00589333	0.00563894	0.00110235	0.000593572	0.000551174	0.00304098	0.00233847	0.0047669	0.00538469	0.00474474	0.00539956	0.00476545	0.00543452	0.725	0.719298	1	878.596	417	0.58965	0.58965	10703	74	0.00691395	0.60195	0.439833	0.689462	0.686256	0.689251	0.688323	0	0.0438247	0	0	0	0	3.35398	0.0573218	True	False
14	92700000	92720000	369	199	2	0	0	0	0	0	0	10976	13104	13243	13251	12729	0.00282434	0.00282434	0.00300656	0	0.000182216	0.000182216	0.0030391	0.00359383	0.00209164	0.00100067	0.00209164	0.00100067	0.00223663	0.00112229	0.6875	0.585366	1	906.293	372	0.5488	0.5488	10799	75	0.00694509	0.6041	0.43759	0.301168	0.301168	0.322045	0.308127	0	0.0100503	0	0	0	0	3.35043	0.0578035	True	False
14	81320000	81340000	288	144	8	3	4	0	1	0	0	10499	12330	12603	12706	12239	0.00338127	0.00333365	0.00333365	4.76236e-05	4.76236e-05	0	0.00302849	0.00307524	0.0010792	0.00114728	0.00103157	0.00109966	0.00103157	0.00109966	0.774648	0.569444	1	578.347	288	0.52495	0.52495	10420	38	0.00364683	0.62055	0.830444	0.295928	0.282869	0.282869	0.287222	0.0208333	0.0555556	0	0.00694444	0	0	3.33033	0.0582852	True	False
14	104400000	104420000	256	135	2	1	3	5	0	0	2	8861	10210	10190	10316	9967	0.000394989	0.000451416	0.000677124	0.000112854	0.000338562	0.000282135	0.00302725	0.0029767	0.00293224	0.0028883	0.00293224	0.0028883	0.00315795	0.00311401	0.601852	0.655914	0	599.151	262	0.44305	0.44305	8778	55	0.00626566	0.5243	0.48315	0.467986	0.467986	0.504009	0.479994	0.00740741	0.0148148	0.037037	0	0	0.0148148	3.328	0.0587669	True	False
14	95940000	95960000	489	281	9	0	2	0	2	0	0	13245	15740	15743	15591	15404	0.00298226	0.00286901	0.00283126	0.00011325	0.000151	3.77501e-05	0.00302357	0.00330132	0.00157755	0.00148849	0.00146453	0.00137569	0.00142701	0.00133839	0.90991	0.283784	0	967.811	495	0.66225	0.66225	12673	104	0.00820642	0.3992	0.36844	0.192234	0.178461	0.173889	0.181528	0	0.0320285	0	0.00711744	0	0	3.32102	0.0592486	True	False
14	107200000	107220000	0	0	0	0	0	0	0	0	0	8485	10153	10215	10067	9845	0.000353565	0.00318209	0.000353565	0.00306423	0.000176783	0.00294638	0.00301959	0.00311325	0.00290173	0.00299539	0.00156094	0.0010258	0.00279751	0.00287754		0.581081	0		266	0.42425	0.42425	0	0		0.60355												3.31348	0.0597303	True	False
14	24920000	24940000	300	174	4	2	2	0	0	0	0	9049	11029	11200	11082	10972	0.000663057	0.000663057	0.00287325	0	0.00254172	0.00254172	0.00301929	0.00411826	0.00301921	0.00411826	0.00301921	0.00411826	0.00355386	0.00388718	0.653846	0.692308	0	640.385	303	0.45245	0.45245	8973	48	0.00534938	0.76125	0.56442	0.564403	0.564403	0.66435	0.597719	0.0114943	0.0229885	0	0	0	0	3.31293	0.0602119	True	False
14	43640000	43660000	352	193	6	0	2	0	1	0	1	11673	13285	13366	13338	13479	0.00248437	0.00312687	0.00282704	0.000813844	0.000514007	0.000642508	0.00301419	0.00296384	0.00152573	0.001424	0.00216296	0.00201521	0.0018654	0.0017433	0.800228	0.486486	0	961.851	353	0.58365	0.58365	11584	103	0.00889157	0.5508	0.338994	0.171592	0.243259	0.209794	0.208215	0	0.0310881	0	0.00518135	0	0.00518135	3.30326	0.0606936	True	False
14	42480000	42500000	401	219	6	0	2	0	2	0	0	12209	14364	14160	14232	14214	0.000778115	0.000737161	0.000696208	0.00012286	8.19068e-05	4.09534e-05	0.00301383	0.00287871	0.0028761	0.00275033	0.00283515	0.00270938	0.00279419	0.00266842	0.715278	0.5	0	841.743	403	0.61045	0.61045	11712	45	0.00384221	0.502	0.784401	0.748553	0.737895	0.727236	0.737895	0	0.0273973	0	0.00913242	0	0	3.30259	0.0611753	True	False
14	104420000	104440000	267	139	5	0	4	1	1	0	1	9764	12221	12021	12101	11421	0.000716919	0.000614502	0.000614502	0.000204834	0.000307251	0.000204834	0.00300543	0.00294882	0.00290277	0.00283948	0.00280043	0.00273706	0.00280043	0.00273706	0.695175	0.5	0.256098	600.878	268	0.4882	0.4882	9644	37	0.00383658	0.42005	0.783361	0.756602	0.729929	0.729929	0.73882	0	0.0359712	0.00719424	0.00719424	0	0.00719424	3.28668	0.061657	True	False
14	103660000	103680000	285	150	4	1	2	1	1	0	0	8305	9807	9772	10148	9924	0.000662252	0.000481638	0.000481638	0.000180614	0.000180614	0	0.0030016	0.00366998	0.0027727	0.00337852	0.00276078	0.00342341	0.00276078	0.00342341	0.60322	0.666667	0		287	0.41525	0.41525	8234	59	0.00716541	0.71145	0.418902	0.386957	0.385293	0.385293	0.385848	0.00666667	0.0266667	0.00666667	0.00666667	0	0	3.27943	0.0621387	True	False
14	25800000	25820000	225	129	1	1	7	1	1	1	3	7208	8497	8649	8574	8392	0.00117925	0.000763041	0.00104051	0.000693674	0.000693674	0.000554939	0.00299743	0.0031884	0.0033535	0.00353246	0.0031965	0.00339359	0.00347397	0.00367092	0.640625	0.875	1	911.05	228	0.3604	0.3604	7146	52	0.0072768	0.8082	0.411916	0.460848	0.439273	0.477404	0.459175	0.00775194	0.00775194	0.00775194	0.00775194	0.00775194	0.0232558	3.27154	0.0626204	True	True
14	88400000	88420000	418	258	4	0	1	0	1	0	0	13757	15959	15906	15945	15663	0.000690558	0.000726903	0.000654212	0.000109035	3.63451e-05	7.26903e-05	0.00299376	0.00201097	0.00294619	0.00188158	0.00298242	0.00191749	0.00290985	0.00184524	0.955882	0.278846	0	640.269	419	0.68785	0.68785	13679	76	0.00555596	0.27205	0.538838	0.530276	0.536797	0.523735	0.530269	0	0.0155039	0	0.00387597	0	0	3.2646	0.0631021	True	False
14	21300000	21320000	238	138	5	0	0	1	0	0	0	7561	8890	8852	9046	9090	0.00211612	0.00224838	0.00224838	0.000132258	0.000132258	0	0.00298672	0.00248658	0.00221587	0.00213378	0.00234792	0.00226392	0.00234792	0.00226392	0.640476	0.731707	0	957.268	242	0.37805	0.37805	5819	51	0.00876439	0.7521	0.340779	0.252827	0.267893	0.267893	0.262871	0	0.0362319	0.00724638	0	0	0	3.25126	0.0635838	True	False
14	48180000	48200000	312	173	13	6	7	0	0	1	0	12066	14029	14158	14158	14202	0.00310791	0.00319078	0.00302503	8.28775e-05	8.28775e-05	0.000165755	0.00298095	0.00294566	0.00127945	0.00119213	0.00136233	0.00127501	0.00136208	0.00127385	0.832176	0.432099	1	922.63	316	0.6033	0.6033	11955	105	0.00878294	0.42275	0.339402	0.145675	0.155111	0.155083	0.151956	0.0346821	0.0751445	0	0	0.00578035	0	3.24033	0.0640655	True	False
14	40500000	40520000	370	211	7	5	6	0	0	0	0	13378	15638	15498	15534	15375	0.00388698	0.0039991	0.00403648	0.000112124	0.000224249	0.000261624	0.00297417	0.00248563	0.00287157	0.00336967	0.00290894	0.00340585	0.00294631	0.0034456	0.876437	0.5625	0	899.156	373	0.6689	0.6689	13283	58	0.00436648	0.41685	0.681136	0.657638	0.666198	0.674757	0.666198	0.0236967	0.0331754	0	0	0	0	3.2275	0.0645472	True	False
14	97080000	97100000	467	252	2	2	7	2	1	0	2	13927	16218	16360	16550	16174	0.000502621	0.000323113	0.000466719	0.00025131	0.00025131	0.000215409	0.00297329	0.00299333	0.00319532	0.0032333	0.00301581	0.00305407	0.00315942	0.00319754	0.860442	0.471154	1	937.211	491	0.69635	0.69635	9570	61	0.00637409	0.3594	0.466465	0.501298	0.473136	0.495666	0.490033	0.00793651	0.00793651	0.00793651	0.00396825	0	0.00793651	3.22584	0.0650289	True	False
14	61620000	61640000	243	138	8	4	4	4	0	0	0	10733	13054	12850	13026	12735	0.00102488	0.00139756	0.00130439	0.000372682	0.000279512	9.31706e-05	0.00297209	0.00337576	0.00275023	0.00309643	0.00312242	0.00346911	0.00302974	0.00337594	0.681818	0.6	1	742.709	323	0.53665	0.53665	7666	63	0.00821811	0.62095	0.361651	0.334655	0.379943	0.368666	0.361088	0.0289855	0.057971	0.0289855	0	0	0	3.22356	0.0655106	True	False
14	98280000	98300000	341	188	6	1	4	0	1	0	0	10074	12223	12167	12059	11969	0.00352392	0.00347429	0.00337502	4.96327e-05	0.000347429	0.000297796	0.00296772	0.00211847	0.00238005	0.00303279	0.00233041	0.00298315	0.00223115	0.00288389	0.767094	0.615385	0	987.154	346	0.5037	0.5037	9977	88	0.00882029	0.61175	0.336465	0.269838	0.264211	0.252956	0.262335	0.00531915	0.0319149	0	0.00531915	0	0	3.21529	0.0659923	True	False
14	83240000	83260000	388	198	8	2	7	7	0	1	1	13196	15185	15268	15382	15136	0.000871476	0.000871476	0.000909366	0.000303122	0.000189451	0.000265232	0.00294964	0.0030488	0.0026844	0.00278341	0.0026844	0.00278341	0.00272229	0.0028213	0.812785	0.287671	1	980.123	391	0.6598	0.6598	13067	97	0.00742328	0.3058	0.397349	0.36162	0.36162	0.366724	0.363321	0.010101	0.040404	0.0353535	0	0.00505051	0.00505051	3.18106	0.066474	True	False
14	99220000	99240000	411	228	14	0	1	0	1	0	0	13753	15840	16246	16293	15812	0.00316295	0.00316295	0.00316295	7.27114e-05	7.27114e-05	0	0.00293722	0.00296306	0.00131405	0.00108264	0.00131388	0.00108055	0.00131388	0.00108055	0.897619	0.541667	0	966.653	413	0.68765	0.68765	13324	58	0.00435305	0.50405	0.674749	0.301868	0.30183	0.30183	0.301843	0	0.0614035	0	0.00438596	0	0	3.15755	0.0669557	True	False
14	77920000	77940000	320	178	7	0	0	0	0	0	0	10653	12933	13175	13035	12596	0.00314465	0.00319159	0.00328546	4.69351e-05	0.000140805	0.000140805	0.00292844	0.00269504	0.00149559	0.00176824	0.00154217	0.00180874	0.00163604	0.00190261	0.607843	0.478261	1	637.42	323	0.53265	0.53265	10569	61	0.0057716	0.336	0.507388	0.259129	0.267199	0.283463	0.26993	0	0.0393258	0	0	0	0	3.14094	0.0674374	True	False
14	93240000	93260000	249	139	5	1	3	0	0	0	1	8021	9202	9274	9127	9179	0.00292981	0.00305448	0.00317915	0.000124673	0.000249345	0.000249345	0.00292715	0.00280852	0.00082193	0.000851777	0.000946603	0.000976449	0.00107128	0.00110112	0.714286	0.584416	0.441558	796.429	251	0.40105	0.40105	7959	35	0.00439754	0.69705	0.665634	0.186907	0.215257	0.243608	0.215257	0.00719424	0.0359712	0	0	0	0.00719424	3.1385	0.0679191	True	False
14	86940000	86960000	332	183	1	1	1	0	0	0	0	11981	14263	14052	14331	13869	0.000208664	0.000250396	0.000375595	0.000125198	0.000166931	0.000125198	0.00292686	0.00303169	0.00288513	0.00298996	0.00291449	0.00303152	0.00303969	0.00315672	0.801347	0.607843	0.127451	974.471	338	0.59905	0.59905	11658	71	0.00609024	0.525	0.480582	0.47373	0.478551	0.499108	0.483796	0.00546448	0.00546448	0	0	0	0	3.13794	0.0684008	True	False
14	45960000	45980000	281	138	10	4	4	7	0	0	0	8902	10078	10023	9939	9976	0.00101101	0.00117951	0.00123568	0.000168501	0.000224669	5.61672e-05	0.00292469	0.00305574	0.00281236	0.00294341	0.00298086	0.00311191	0.00303703	0.00316807	0.741453	0.662651	0	846.036	283	0.4451	0.4451	8114	70	0.00862706	0.68005	0.339014	0.325992	0.345524	0.352035	0.341184	0.0289855	0.0724638	0.0507246	0	0	0	3.13384	0.0688825	True	False
14	24400000	24420000	219	111	5	0	3	2	0	0	1	7025	8311	8265	8304	8200	0.00128114	0.00170819	0.00177936	0.000427046	0.000498221	0.000355872	0.00292091	0.00360672	0.0018648	0.002475	0.00222067	0.00283088	0.00236302	0.00297322	0.533333	0.811024	0	814.866	223	0.35125	0.35125	6877	43	0.00625273	0.6832	0.467142	0.298237	0.355152	0.377918	0.343769	0	0.045045	0.018018	0	0	0.00900901	3.12668	0.0693642	True	True
14	22340000	22360000	394	227	7	0	6	0	1	0	0	11805	14068	13926	13997	13610	0.000889454	0.00237188	0.00237188	0.00165184	0.00165184	8.47099e-05	0.00291973	0.00335572	0.00250291	0.0028762	0.00285283	0.00272909	0.00285283	0.00272909	0.851351	0.533333	0	946	399	0.59025	0.59025	11706	91	0.00777379	0.46035	0.375586	0.321968	0.366981	0.366981	0.351977	0	0.030837	0	0.00440529	0	0	3.12444	0.0698459	True	False
14	82060000	82080000	326	188	5	0	2	8	0	0	0	11649	13496	13470	13573	13210	0.000515066	0.00060091	0.00060091	8.58443e-05	8.58443e-05	8.58443e-05	0.00291328	0.00254141	0.00240419	0.00202652	0.00249003	0.00211159	0.00249003	0.00211159	0.634181	0.590164	1	858.066	328	0.58245	0.58245	11565	66	0.00570687	0.4239	0.510487	0.42128	0.436322	0.436322	0.431308	0	0.0265957	0.0425532	0	0	0	3.11224	0.0703276	True	False
14	62860000	62880000	399	204	7	0	0	0	0	0	0	11419	13446	13391	13466	13285	0.00267099	0.00271477	0.00267099	4.37867e-05	0	4.37867e-05	0.00288376	0.00294316	0.00140793	0.0013052	0.00145164	0.00134803	0.00140793	0.0013052	0.736979	0.701493	1	881.388	410	0.57095	0.57095	11045	83	0.00751471	0.55145	0.383749	0.187356	0.193173	0.187356	0.189295	0	0.0343137	0	0	0	0	3.05636	0.0708092	True	False
14	98740000	98760000	519	273	3	10	12	0	0	0	1	12782	15254	15082	15026	14874	0.00203411	0.00219058	0.00211235	0.00031294	7.8235e-05	0.000391175	0.00287243	0.00269187	0.00358769	0.00336806	0.00374416	0.00352453	0.00366593	0.00344629	0.833333	0.4	0	982.733	523	0.6391	0.6391	12629	68	0.00538443	0.3564	0.53347	0.666309	0.695369	0.680839	0.680839	0.03663	0.010989	0	0	0	0.003663	3.0349	0.0712909	True	False
14	42020000	42040000	348	179	20	0	0	0	0	0	0	12517	14170	14317	14378	14169	0.00307582	0.00307582	0.00307582	0	0	0	0.00286486	0.00265973	0.000716657	0.00068796	0.000716657	0.00068796	0.000716657	0.00068796	0.794872	0.487179	1	849.654	348	0.62585	0.62585	12421	52	0.00418646	0.43235	0.684315	0.171185	0.171185	0.171185	0.171185	0	0.111732	0	0	0	0	3.02057	0.0717726	True	False
14	54960000	54980000	241	129	10	3	3	2	0	0	0	9642	11912	12091	11896	11459	0.00280025	0.00295582	0.00295582	0.000155569	0.000155569	0.000155569	0.00286021	0.00289635	0.0010769	0.000991641	0.00123247	0.00114721	0.00123247	0.00114721	0.691781	0.792208	1	712.779	244	0.4821	0.4821	9561	42	0.00439285	0.7194	0.651105	0.245149	0.280563	0.280563	0.268759	0.0232558	0.0775194	0.0155039	0	0	0	3.01176	0.0722543	True	False
14	96620000	96640000	409	215	5	2	7	6	3	0	0	12027	14318	14342	14494	14263	0.000623597	0.00066517	0.000706743	0.000291012	0.000332585	0.000207866	0.00285794	0.00284397	0.00273323	0.00271917	0.0027748	0.00276066	0.00281637	0.00280223	0.666667	0.694444	1	964	414	0.60135	0.60135	11744	100	0.00851499	0.6165	0.335637	0.32099	0.325872	0.330755	0.325872	0.00930233	0.0232558	0.027907	0.0139535	0	0	3.00748	0.072736	True	False
14	21620000	21640000	236	137	9	0	1	0	0	0	0	8477	9869	9796	9790	9881	0.00153356	0.00188746	0.00165153	0.000353899	0.000589831	0.000707798	0.00285442	0.0027223	0.00214019	0.00217316	0.00249409	0.00252706	0.00227297	0.00219685	0.783333	0.5	0.2875	841.188	316	0.42385	0.42385	6171	35	0.00567169	0.54735	0.503275	0.377346	0.439744	0.400758	0.405949	0	0.0656934	0	0	0	0	3.00081	0.0732177	True	False
