chrom	start	end	anc_valid_bp	hum_sub	repeat_bp	mask_bp	sub_rate	repeat_frac	anc_cov
15	0	100000	0	0	0	0		0	
15	100000	200000	0	0	0	0		0	
15	200000	300000	0	0	0	0		0	
15	300000	400000	0	0	0	0		0	
15	400000	500000	0	0	0	0		0	
15	500000	600000	0	0	0	0		0	
15	600000	700000	0	0	0	0		0	
15	700000	800000	0	0	0	0		0	
15	800000	900000	0	0	0	0		0	
15	900000	1000000	0	0	0	0		0	
15	1000000	1100000	0	0	0	0		0	
15	1100000	1200000	0	0	0	0		0	
15	1200000	1300000	0	0	0	0		0	
15	1300000	1400000	0	0	0	0		0	
15	1400000	1500000	0	0	0	0		0	
15	1500000	1600000	0	0	0	0		0	
15	1600000	1700000	0	0	0	0		0	
15	1700000	1800000	0	0	0	0		0	
15	1800000	1900000	0	0	0	0		0	
15	1900000	2000000	0	0	0	0		0	
15	2000000	2100000	0	0	0	0		0	
15	2100000	2200000	0	0	0	0		0	
15	2200000	2300000	0	0	0	0		0	
15	2300000	2400000	0	0	0	0		0	
15	2400000	2500000	0	0	0	0		0	
15	2500000	2600000	0	0	0	0		0	
15	2600000	2700000	0	0	0	0		0	
15	2700000	2800000	0	0	0	0		0	
15	2800000	2900000	0	0	0	0		0	
15	2900000	3000000	0	0	0	0		0	
15	3000000	3100000	0	0	0	0		0	
15	3100000	3200000	0	0	0	0		0	
15	3200000	3300000	0	0	0	0		0	
15	3300000	3400000	0	0	0	0		0	
15	3400000	3500000	0	0	0	0		0	
15	3500000	3600000	0	0	0	0		0	
15	3600000	3700000	0	0	0	0		0	
15	3700000	3800000	0	0	0	0		0	
15	3800000	3900000	0	0	0	0		0	
15	3900000	4000000	0	0	0	0		0	
15	4000000	4100000	0	0	0	0		0	
15	4100000	4200000	0	0	0	0		0	
15	4200000	4300000	0	0	0	0		0	
15	4300000	4400000	0	0	0	0		0	
15	4400000	4500000	0	0	0	0		0	
15	4500000	4600000	0	0	0	0		0	
15	4600000	4700000	0	0	0	0		0	
15	4700000	4800000	0	0	0	0		0	
15	4800000	4900000	0	0	0	0		0	
15	4900000	5000000	0	0	0	0		0	
15	5000000	5100000	0	0	0	0		0	
15	5100000	5200000	0	0	0	0		0	
15	5200000	5300000	0	0	0	0		0	
15	5300000	5400000	0	0	0	0		0	
15	5400000	5500000	0	0	0	0		0	
15	5500000	5600000	0	0	0	0		0	
15	5600000	5700000	0	0	0	0		0	
15	5700000	5800000	0	0	0	0		0	
15	5800000	5900000	0	0	0	0		0	
15	5900000	6000000	0	0	0	0		0	
15	6000000	6100000	0	0	0	0		0	
15	6100000	6200000	0	0	0	0		0	
15	6200000	6300000	0	0	0	0		0	
15	6300000	6400000	0	0	0	0		0	
15	6400000	6500000	0	0	0	0		0	
15	6500000	6600000	0	0	0	0		0	
15	6600000	6700000	0	0	0	0		0	
15	6700000	6800000	0	0	0	0		0	
15	6800000	6900000	0	0	0	0		0	
15	6900000	7000000	0	0	0	0		0	
15	7000000	7100000	0	0	0	0		0	
15	7100000	7200000	0	0	0	0		0	
15	7200000	7300000	0	0	0	0		0	
15	7300000	7400000	0	0	0	0		0	
15	7400000	7500000	0	0	0	0		0	
15	7500000	7600000	0	0	0	0		0	
15	7600000	7700000	0	0	0	0		0	
15	7700000	7800000	0	0	0	0		0	
15	7800000	7900000	0	0	0	0		0	
15	7900000	8000000	0	0	0	0		0	
15	8000000	8100000	0	0	0	0		0	
15	8100000	8200000	0	0	0	0		0	
15	8200000	8300000	0	0	0	0		0	
15	8300000	8400000	0	0	0	0		0	
15	8400000	8500000	0	0	0	0		0	
15	8500000	8600000	0	0	0	0		0	
15	8600000	8700000	0	0	0	0		0	
15	8700000	8800000	0	0	0	0		0	
15	8800000	8900000	0	0	0	0		0	
15	8900000	9000000	0	0	0	0		0	
15	9000000	9100000	0	0	0	0		0	
15	9100000	9200000	0	0	0	0		0	
15	9200000	9300000	0	0	0	0		0	
15	9300000	9400000	0	0	0	0		0	
15	9400000	9500000	0	0	0	0		0	
15	9500000	9600000	0	0	0	0		0	
15	9600000	9700000	0	0	0	0		0	
15	9700000	9800000	0	0	0	0		0	
15	9800000	9900000	0	0	0	0		0	
15	9900000	10000000	0	0	0	0		0	
15	10000000	10100000	0	0	0	0		0	
15	10100000	10200000	0	0	0	0		0	
15	10200000	10300000	0	0	0	0		0	
15	10300000	10400000	0	0	0	0		0	
15	10400000	10500000	0	0	0	0		0	
15	10500000	10600000	0	0	0	0		0	
15	10600000	10700000	0	0	0	0		0	
15	10700000	10800000	0	0	0	0		0	
15	10800000	10900000	0	0	0	0		0	
15	10900000	11000000	0	0	0	0		0	
15	11000000	11100000	0	0	0	0		0	
15	11100000	11200000	0	0	0	0		0	
15	11200000	11300000	0	0	0	0		0	
15	11300000	11400000	0	0	0	0		0	
15	11400000	11500000	0	0	0	0		0	
15	11500000	11600000	0	0	0	0		0	
15	11600000	11700000	0	0	0	0		0	
15	11700000	11800000	0	0	0	0		0	
15	11800000	11900000	0	0	0	0		0	
15	11900000	12000000	0	0	0	0		0	
15	12000000	12100000	0	0	0	0		0	
15	12100000	12200000	0	0	0	0		0	
15	12200000	12300000	0	0	0	0		0	
15	12300000	12400000	0	0	0	0		0	
15	12400000	12500000	0	0	0	0		0	
15	12500000	12600000	0	0	0	0		0	
15	12600000	12700000	0	0	0	0		0	
15	12700000	12800000	0	0	0	0		0	
15	12800000	12900000	0	0	0	0		0	
15	12900000	13000000	0	0	0	0		0	
15	13000000	13100000	0	0	0	0		0	
15	13100000	13200000	0	0	0	0		0	
15	13200000	13300000	0	0	0	0		0	
15	13300000	13400000	0	0	0	0		0	
15	13400000	13500000	0	0	0	0		0	
15	13500000	13600000	0	0	0	0		0	
15	13600000	13700000	0	0	0	0		0	
15	13700000	13800000	0	0	0	0		0	
15	13800000	13900000	0	0	0	0		0	
15	13900000	14000000	0	0	0	0		0	
15	14000000	14100000	0	0	0	0		0	
15	14100000	14200000	0	0	0	0		0	
15	14200000	14300000	0	0	0	0		0	
15	14300000	14400000	0	0	0	0		0	
15	14400000	14500000	0	0	0	0		0	
15	14500000	14600000	0	0	0	0		0	
15	14600000	14700000	0	0	0	0		0	
15	14700000	14800000	0	0	0	0		0	
15	14800000	14900000	0	0	0	0		0	
15	14900000	15000000	0	0	0	0		0	
15	15000000	15100000	0	0	0	0		0	
15	15100000	15200000	0	0	0	0		0	
15	15200000	15300000	0	0	0	0		0	
15	15300000	15400000	0	0	0	0		0	
15	15400000	15500000	0	0	0	0		0	
15	15500000	15600000	0	0	0	0		0	
15	15600000	15700000	0	0	0	0		0	
15	15700000	15800000	0	0	0	0		0	
15	15800000	15900000	0	0	0	0		0	
15	15900000	16000000	0	0	0	0		0	
15	16000000	16100000	0	0	0	0		0	
15	16100000	16200000	0	0	0	0		0	
15	16200000	16300000	0	0	0	0		0	
15	16300000	16400000	0	0	0	0		0	
15	16400000	16500000	0	0	0	0		0	
15	16500000	16600000	0	0	0	0		0	
15	16600000	16700000	0	0	0	0		0	
15	16700000	16800000	0	0	0	0		0	
15	16800000	16900000	0	0	0	0		0	
15	16900000	17000000	0	0	0	0		0	
15	17000000	17100000	0	0	0	0		0	
15	17100000	17200000	0	0	0	0		0	
15	17200000	17300000	0	0	0	0		0	
15	17300000	17400000	0	0	0	0		0	
15	17400000	17500000	0	0	0	0		0	
15	17500000	17600000	0	0	0	0		0	
15	17600000	17700000	0	0	0	0		0	
15	17700000	17800000	0	0	0	0		0	
15	17800000	17900000	0	0	0	0		0	
15	17900000	18000000	0	0	0	0		0	
15	18000000	18100000	0	0	0	0		0	
15	18100000	18200000	0	0	0	0		0	
15	18200000	18300000	0	0	0	0		0	
15	18300000	18400000	0	0	0	0		0	
15	18400000	18500000	0	0	0	0		0	
15	18500000	18600000	0	0	0	0		0	
15	18600000	18700000	0	0	0	0		0	
15	18700000	18800000	0	0	0	0		0	
15	18800000	18900000	0	0	0	0		0	
15	18900000	19000000	0	0	0	0		0	
15	19000000	19100000	0	0	0	0		0	
15	19100000	19200000	0	0	0	0		0	
15	19200000	19300000	0	0	0	0		0	
15	19300000	19400000	0	0	0	0		0	
15	19400000	19500000	0	0	0	0		0	
15	19500000	19600000	0	0	0	0		0	
15	19600000	19700000	0	0	0	0		0	
15	19700000	19800000	0	0	0	0		0	
15	19800000	19900000	0	0	0	0		0	
15	19900000	20000000	0	0	0	0		0	
15	20000000	20100000	0	0	78227	144		0.78227	0
15	20100000	20200000	0	0	50924	4268		0.50924	0
15	20200000	20300000	0	0	55279	0		0.55279	
15	20300000	20400000	0	0	63009	0		0.63009	
15	20400000	20500000	9	1	58715	9	0.111111	0.58715	1
15	20500000	20600000	0	0	57492	0		0.57492	
15	20600000	20700000	0	0	58424	0		0.58424	
15	20700000	20800000	0	0	45377	0		0.45377	
15	20800000	20900000	232	3	45441	354	0.012931	0.45441	0.655367
15	20900000	21000000	0	0	30709	0		0.30709	
15	21000000	21100000	0	0	42115	0		0.42115	
15	21100000	21200000	12	1	49187	12	0.0833333	0.49187	1
15	21200000	21300000	0	0	53533	4		0.53533	0
15	21300000	21400000	0	0	66043	0		0.66043	
15	21400000	21500000	0	0	0	0		0	
15	21500000	21600000	0	0	0	0		0	
15	21600000	21700000	0	0	0	0		0	
15	21700000	21800000	0	0	0	0		0	
15	21800000	21900000	0	0	4913	0		0.04913	
15	21900000	22000000	53	2	42324	108	0.0377358	0.42324	0.490741
15	22000000	22100000	0	0	39668	0		0.39668	
15	22100000	22200000	0	0	50102	0		0.50102	
15	22200000	22300000	0	0	21547	0		0.21547	
15	22300000	22400000	70	4	58308	566	0.0571429	0.58308	0.123675
15	22400000	22500000	0	0	54672	332		0.54672	0
15	22500000	22600000	0	0	46688	182		0.46688	0
15	22600000	22700000	0	0	26371	0		0.26371	
15	22700000	22800000	1208	24	46275	9068	0.0198675	0.46275	0.133216
15	22800000	22900000	34703	203	59450	35121	0.00584964	0.5945	0.988098
15	22900000	23000000	50477	324	49097	51863	0.00641876	0.49097	0.973276
15	23000000	23100000	37353	221	54039	38301	0.00591653	0.54039	0.975249
15	23100000	23200000	0	0	44801	174		0.44801	0
15	23200000	23300000	68	8	43978	122	0.117647	0.43978	0.557377
15	23300000	23400000	0	0	53452	1		0.53452	0
15	23400000	23500000	0	0	45721	0		0.45721	
15	23500000	23600000	0	0	25397	0		0.25397	
15	23600000	23700000	1	0	44142	2934	0	0.44142	0.000340832
15	23700000	23800000	42244	279	83650	46209	0.00660449	0.8365	0.914194
15	23800000	23900000	51922	340	58859	54593	0.00654828	0.58859	0.951074
15	23900000	24000000	46133	320	70458	46585	0.00693647	0.70458	0.990297
15	24000000	24100000	50449	359	64933	51423	0.0071161	0.64933	0.981059
15	24100000	24200000	57225	323	59106	57689	0.00564439	0.59106	0.991957
15	24200000	24300000	45256	419	82800	45658	0.00925844	0.828	0.991195
15	24300000	24400000	16557	160	74389	18879	0.00966359	0.74389	0.877006
15	24400000	24500000	0	0	71701	4128		0.71701	0
15	24500000	24600000	287	26	71811	1131	0.0905923	0.71811	0.253758
15	24600000	24700000	1154	100	69076	3151	0.0866551	0.69076	0.366233
15	24700000	24800000	776	37	72174	1116	0.0476804	0.72174	0.695341
15	24800000	24900000	37489	244	71114	38281	0.00650858	0.71114	0.979311
15	24900000	25000000	47828	248	65698	48498	0.00518525	0.65698	0.986185
15	25000000	25100000	50037	405	66960	52008	0.00809401	0.6696	0.962102
15	25100000	25200000	38668	267	69796	41580	0.00690493	0.69796	0.929966
15	25200000	25300000	55652	267	35035	56692	0.00479767	0.35035	0.981655
15	25300000	25400000	59248	297	30756	60997	0.00501283	0.30756	0.971326
15	25400000	25500000	36807	568	8169	39748	0.0154318	0.08169	0.926009
15	25500000	25600000	50193	261	63915	51435	0.00519993	0.63915	0.975853
15	25600000	25700000	57170	215	50122	58000	0.00376071	0.50122	0.98569
15	25700000	25800000	58211	339	55284	58790	0.00582364	0.55284	0.990151
15	25800000	25900000	50597	428	59893	52300	0.008459	0.59893	0.967438
15	25900000	26000000	63108	543	38434	63847	0.0086043	0.38434	0.988425
15	26000000	26100000	58099	488	44416	59032	0.00839946	0.44416	0.984195
15	26100000	26200000	48999	440	58302	49930	0.00897978	0.58302	0.981354
15	26200000	26300000	50409	469	54690	51837	0.00930389	0.5469	0.972452
15	26300000	26400000	51395	398	56339	52911	0.00774394	0.56339	0.971348
15	26400000	26500000	55690	415	50222	56633	0.00745197	0.50222	0.983349
15	26500000	26600000	52594	393	59904	53258	0.00747234	0.59904	0.987532
15	26600000	26700000	60468	406	51756	61062	0.0067143	0.51756	0.990272
15	26700000	26800000	50565	344	62888	51316	0.00680312	0.62888	0.985365
15	26800000	26900000	55958	349	47336	58238	0.00623682	0.47336	0.96085
15	26900000	27000000	59623	439	42615	61759	0.00736293	0.42615	0.965414
15	27000000	27100000	53612	414	59160	54507	0.00772215	0.5916	0.98358
15	27100000	27200000	59108	377	46927	60104	0.00637816	0.46927	0.983429
15	27200000	27300000	55347	361	51930	55948	0.00652249	0.5193	0.989258
15	27300000	27400000	63721	491	48957	64828	0.00770547	0.48957	0.982924
15	27400000	27500000	55883	441	42253	59877	0.00789149	0.42253	0.933297
15	27500000	27600000	53324	376	56059	59223	0.00705123	0.56059	0.900393
15	27600000	27700000	62291	441	50245	62990	0.00707967	0.50245	0.988903
15	27700000	27800000	61961	350	45467	64000	0.00564871	0.45467	0.968141
15	27800000	27900000	56977	496	56664	57774	0.00870527	0.56664	0.986205
15	27900000	28000000	64219	532	47631	65048	0.00828415	0.47631	0.987256
15	28000000	28100000	62419	459	46491	63222	0.00735353	0.46491	0.987299
15	28100000	28200000	52552	374	60771	53158	0.00711676	0.60771	0.9886
15	28200000	28300000	55781	371	45229	57136	0.00665101	0.45229	0.976285
15	28300000	28400000	44420	338	48940	45656	0.00760919	0.4894	0.972928
15	28400000	28500000	21543	118	46289	21788	0.00547742	0.46289	0.988755
15	28500000	28600000	13433	74	54112	13504	0.00550882	0.54112	0.994742
15	28600000	28700000	0	0	44249	0		0.44249	
15	28700000	28800000	0	0	42352	1		0.42352	0
15	28800000	28900000	0	0	54283	0		0.54283	
15	28900000	29000000	53	3	41682	154	0.0566038	0.41682	0.344156
15	29000000	29100000	0	0	43098	166		0.43098	0
15	29100000	29200000	0	0	26301	26038		0.26301	0
15	29200000	29300000	54729	430	44183	56447	0.00785689	0.44183	0.969564
15	29300000	29400000	58319	399	43223	59477	0.00684168	0.43223	0.98053
15	29400000	29500000	55839	468	44551	57191	0.00838124	0.44551	0.97636
15	29500000	29600000	48025	339	59470	48816	0.00705882	0.5947	0.983796
15	29600000	29700000	54836	350	54059	55785	0.00638267	0.54059	0.982988
15	29700000	29800000	52810	346	58377	53512	0.00655179	0.58377	0.986881
15	29800000	29900000	51004	283	60669	52474	0.00554858	0.60669	0.971986
15	29900000	30000000	44149	337	55024	51850	0.00763324	0.55024	0.851475
15	30000000	30100000	52294	192	44700	52809	0.00367155	0.447	0.990248
15	30100000	30200000	52207	254	50297	52880	0.00486525	0.50297	0.987273
15	30200000	30300000	54561	329	54767	55982	0.00602995	0.54767	0.974617
15	30300000	30400000	482	1	52765	29146	0.00207469	0.52765	0.0165374
15	30400000	30500000	0	0	40032	0		0.40032	
15	30500000	30600000	0	0	60623	0		0.60623	
15	30600000	30700000	0	0	47922	0		0.47922	
15	30700000	30800000	5	1	49472	5	0.2	0.49472	1
15	30800000	30900000	0	0	38381	0		0.38381	
15	30900000	31000000	26	1	47809	4220	0.0384615	0.47809	0.00616114
15	31000000	31100000	527	56	62383	3484	0.106262	0.62383	0.151263
15	31100000	31200000	19567	132	65096	23452	0.00674605	0.65096	0.834342
15	31200000	31300000	60949	306	35149	61709	0.00502059	0.35149	0.987684
15	31300000	31400000	57382	345	44713	58210	0.00601234	0.44713	0.985776
15	31400000	31500000	47236	316	64632	48357	0.00668981	0.64632	0.976818
15	31500000	31600000	56018	372	53052	57635	0.00664072	0.53052	0.971944
15	31600000	31700000	58143	348	33545	59495	0.00598524	0.33545	0.977275
15	31700000	31800000	52333	345	60464	54087	0.0065924	0.60464	0.967571
15	31800000	31900000	42062	259	59572	55688	0.00615758	0.59572	0.755315
15	31900000	32000000	4333	77	71398	4395	0.0177706	0.71398	0.985893
15	32000000	32100000	44639	270	51553	47193	0.00604852	0.51553	0.945882
15	32100000	32200000	59525	265	49878	60227	0.00445191	0.49878	0.988344
15	32200000	32300000	55728	332	63606	57597	0.00595751	0.63606	0.96755
15	32300000	32400000	54401	340	66159	54892	0.00624989	0.66159	0.991055
15	32400000	32500000	24533	169	52124	24755	0.00688868	0.52124	0.991032
15	32500000	32600000	4360	23	67455	4458	0.00527523	0.67455	0.978017
15	32600000	32700000	0	0	40961	0		0.40961	
15	32700000	32800000	0	0	43199	0		0.43199	
15	32800000	32900000	0	0	44030	10		0.4403	0
15	32900000	33000000	48355	258	37920	49703	0.00533554	0.3792	0.972879
15	33000000	33100000	56847	441	42599	57462	0.00775767	0.42599	0.989297
15	33100000	33200000	61875	467	33626	62681	0.00754747	0.33626	0.987141
15	33200000	33300000	62180	552	36941	62790	0.00887745	0.36941	0.990285
15	33300000	33400000	56462	502	49824	57399	0.00889094	0.49824	0.983676
15	33400000	33500000	59874	465	35829	61050	0.00776631	0.35829	0.980737
15	33500000	33600000	51823	387	55220	52259	0.00746773	0.5522	0.991657
15	33600000	33700000	60569	377	41709	61574	0.00622431	0.41709	0.983678
15	33700000	33800000	65070	418	38757	65727	0.00642385	0.38757	0.990004
15	33800000	33900000	59631	416	37446	60836	0.00697624	0.37446	0.980193
15	33900000	34000000	62982	469	30317	64265	0.00744657	0.30317	0.980036
15	34000000	34100000	57151	373	40214	58349	0.00652657	0.40214	0.979468
15	34100000	34200000	54944	357	36365	56346	0.00649752	0.36365	0.975118
15	34200000	34300000	50427	301	44701	54002	0.00596902	0.44701	0.933799
15	34300000	34400000	43655	235	51987	44470	0.00538312	0.51987	0.981673
15	34400000	34500000	38481	206	63064	38756	0.00535329	0.63064	0.992904
15	34500000	34600000	46887	183	51806	48508	0.003903	0.51806	0.966583
15	34600000	34700000	29797	140	37587	33866	0.00469846	0.37587	0.87985
15	34700000	34800000	0	0	40264	0		0.40264	
15	34800000	34900000	6531	93	35515	6605	0.0142398	0.35515	0.988796
15	34900000	35000000	45882	318	48196	48537	0.00693082	0.48196	0.945299
15	35000000	35100000	62911	425	31957	64865	0.00675558	0.31957	0.969876
15	35100000	35200000	60160	315	48887	61138	0.00523604	0.48887	0.984003
15	35200000	35300000	42788	214	51411	43109	0.0050014	0.51411	0.992554
15	35300000	35400000	46917	275	47692	47574	0.00586141	0.47692	0.98619
15	35400000	35500000	62574	341	33803	63110	0.00544955	0.33803	0.991507
15	35500000	35600000	50254	240	46289	50650	0.00477574	0.46289	0.992182
15	35600000	35700000	44612	259	63961	45173	0.00580561	0.63961	0.987581
15	35700000	35800000	55971	300	47960	58683	0.00535992	0.4796	0.953786
15	35800000	35900000	65899	320	34232	66407	0.00485592	0.34232	0.99235
15	35900000	36000000	61259	294	37912	61790	0.00479929	0.37912	0.991406
15	36000000	36100000	60837	308	42406	61284	0.00506271	0.42406	0.992706
15	36100000	36200000	64010	344	38475	64862	0.00537416	0.38475	0.986864
15	36200000	36300000	67432	404	33100	68588	0.00599122	0.331	0.983146
15	36300000	36400000	58126	359	50467	60269	0.00617624	0.50467	0.964443
15	36400000	36500000	58459	305	53335	58905	0.00521733	0.53335	0.992428
15	36500000	36600000	55215	325	50210	55825	0.00588608	0.5021	0.989073
15	36600000	36700000	60422	370	41358	61000	0.0061236	0.41358	0.990525
15	36700000	36800000	62280	393	32182	62904	0.00631021	0.32182	0.99008
15	36800000	36900000	60454	344	40389	61280	0.00569028	0.40389	0.986521
15	36900000	37000000	56764	426	30797	57932	0.00750476	0.30797	0.979838
15	37000000	37100000	45580	204	29040	62851	0.00447565	0.2904	0.725207
15	37100000	37200000	66703	294	26558	67234	0.0044076	0.26558	0.992102
15	37200000	37300000	63029	242	25499	64941	0.0038395	0.25499	0.970558
15	37300000	37400000	66097	266	16599	66533	0.00402439	0.16599	0.993447
15	37400000	37500000	59966	316	44727	60535	0.00526965	0.44727	0.9906
15	37500000	37600000	47593	306	57296	49070	0.00642952	0.57296	0.9699
15	37600000	37700000	46138	349	53529	46758	0.00756426	0.53529	0.98674
15	37700000	37800000	41162	257	61201	41943	0.00624362	0.61201	0.981379
15	37800000	37900000	53293	339	53344	56127	0.00636106	0.53344	0.949507
15	37900000	38000000	56127	377	56809	58260	0.00671691	0.56809	0.963388
15	38000000	38100000	60139	420	38913	60664	0.00698382	0.38913	0.991346
15	38100000	38200000	66149	372	31910	66673	0.00562367	0.3191	0.992141
15	38200000	38300000	41552	265	71252	41900	0.00637755	0.71252	0.991695
15	38300000	38400000	58273	369	49199	58743	0.00633226	0.49199	0.991999
15	38400000	38500000	52584	330	58425	53317	0.00627567	0.58425	0.986252
15	38500000	38600000	58000	252	39239	59814	0.00434483	0.39239	0.969673
15	38600000	38700000	60329	326	56278	60865	0.0054037	0.56278	0.991194
15	38700000	38800000	57385	315	46362	58008	0.00548924	0.46362	0.98926
15	38800000	38900000	56571	371	44239	57100	0.00655813	0.44239	0.990736
15	38900000	39000000	62819	378	43166	64089	0.00601729	0.43166	0.980184
15	39000000	39100000	52861	420	49550	54936	0.00794537	0.4955	0.962229
15	39100000	39200000	54963	396	44673	55848	0.00720485	0.44673	0.984153
15	39200000	39300000	50985	342	58147	51613	0.00670786	0.58147	0.987833
15	39300000	39400000	60212	467	43746	61140	0.00775593	0.43746	0.984822
15	39400000	39500000	66221	466	39336	66861	0.00703704	0.39336	0.990428
15	39500000	39600000	53317	431	46576	54112	0.00808373	0.46576	0.985308
15	39600000	39700000	65457	410	40307	66097	0.00626365	0.40307	0.990317
15	39700000	39800000	63172	417	39528	64308	0.00660103	0.39528	0.982335
15	39800000	39900000	66007	366	36467	66591	0.00554487	0.36467	0.99123
15	39900000	40000000	63290	302	38084	63794	0.00477169	0.38084	0.9921
15	40000000	40100000	58747	427	46165	59649	0.00726846	0.46165	0.984878
15	40100000	40200000	56403	301	54321	57080	0.0053366	0.54321	0.988139
15	40200000	40300000	53721	241	38981	54420	0.00448614	0.38981	0.987155
15	40300000	40400000	57423	263	37641	59744	0.00458005	0.37641	0.961151
15	40400000	40500000	41181	256	57871	42818	0.00621646	0.57871	0.961768
15	40500000	40600000	63656	337	26658	64577	0.00529408	0.26658	0.985738
15	40600000	40700000	56627	323	37557	58082	0.00570399	0.37557	0.974949
15	40700000	40800000	42131	168	37379	54286	0.00398756	0.37379	0.776093
15	40800000	40900000	43678	225	60079	44294	0.00515133	0.60079	0.986093
15	40900000	41000000	30569	156	68614	31003	0.00510321	0.68614	0.986001
15	41000000	41100000	40458	190	47867	43396	0.00469623	0.47867	0.932298
15	41100000	41200000	45471	209	50582	46976	0.00459634	0.50582	0.967962
15	41200000	41300000	57473	307	29796	58825	0.00534164	0.29796	0.977017
15	41300000	41400000	44841	173	49013	45629	0.00385808	0.49013	0.98273
15	41400000	41500000	20618	122	77760	23144	0.00591716	0.7776	0.890857
15	41500000	41600000	30288	153	55608	32534	0.00505151	0.55608	0.930965
15	41600000	41700000	27920	113	69472	28925	0.00404728	0.69472	0.965255
15	41700000	41800000	36968	150	53754	39878	0.00405756	0.53754	0.927027
15	41800000	41900000	39366	210	49859	40529	0.00533455	0.49859	0.971304
15	41900000	42000000	39257	153	63016	41636	0.00389739	0.63016	0.942862
15	42000000	42100000	49667	171	40733	50840	0.00344293	0.40733	0.976928
15	42100000	42200000	41014	245	19936	67769	0.00597357	0.19936	0.605203
15	42200000	42300000	60502	334	38515	61567	0.00552048	0.38515	0.982702
15	42300000	42400000	60654	427	39758	62529	0.00703993	0.39758	0.970014
15	42400000	42500000	56629	397	49171	57255	0.00701054	0.49171	0.989066
15	42500000	42600000	45298	223	57569	45990	0.00492295	0.57569	0.984953
15	42600000	42700000	51070	293	49962	52988	0.00573722	0.49962	0.963803
15	42700000	42800000	44940	256	49256	47016	0.00569648	0.49256	0.955845
15	42800000	42900000	35777	178	47764	41449	0.00497526	0.47764	0.863157
15	42900000	43000000	46075	265	54494	47635	0.00575149	0.54494	0.967251
15	43000000	43100000	45217	220	51601	47788	0.00486543	0.51601	0.9462
15	43100000	43200000	39052	148	69224	40392	0.00378982	0.69224	0.966825
15	43200000	43300000	42714	170	54195	44088	0.00397996	0.54195	0.968835
15	43300000	43400000	44273	172	56658	44823	0.00388499	0.56658	0.98773
15	43400000	43500000	42734	157	56248	43910	0.00367389	0.56248	0.973218
15	43500000	43600000	57203	346	44611	58736	0.00604863	0.44611	0.9739
15	43600000	43700000	55914	235	44511	56612	0.00420288	0.44511	0.98767
15	43700000	43800000	48298	182	50703	48621	0.00376827	0.50703	0.993357
15	43800000	43900000	24542	94	34492	24689	0.00383017	0.34492	0.994046
15	43900000	44000000	1832	30	37289	2574	0.0163755	0.37289	0.711733
15	44000000	44100000	23685	142	46686	24843	0.00599536	0.46686	0.953387
15	44100000	44200000	40455	162	46776	46620	0.00400445	0.46776	0.867761
15	44200000	44300000	51235	267	47327	51627	0.00521128	0.47327	0.992407
15	44300000	44400000	45156	216	50412	51451	0.00478342	0.50412	0.877651
15	44400000	44500000	46062	250	54059	47379	0.00542747	0.54059	0.972203
15	44500000	44600000	35300	175	63505	35774	0.00495751	0.63505	0.98675
15	44600000	44700000	33850	155	66214	34933	0.00457903	0.66214	0.968998
15	44700000	44800000	35441	181	63296	36007	0.00510708	0.63296	0.984281
15	44800000	44900000	38365	142	45789	41012	0.00370129	0.45789	0.935458
15	44900000	45000000	40271	154	62775	40780	0.00382409	0.62775	0.987518
15	45000000	45100000	34258	224	59152	35608	0.00653862	0.59152	0.962087
15	45100000	45200000	6054	85	59917	6242	0.0140403	0.59917	0.969881
15	45200000	45300000	12880	124	61177	13998	0.00962733	0.61177	0.920131
15	45300000	45400000	18195	111	49118	20202	0.00610058	0.49118	0.900653
15	45400000	45500000	61192	270	27194	61588	0.00441234	0.27194	0.99357
15	45500000	45600000	43210	290	64615	43610	0.00671141	0.64615	0.990828
15	45600000	45700000	52066	316	47332	52446	0.00606922	0.47332	0.992754
15	45700000	45800000	46014	208	54648	46383	0.00452036	0.54648	0.992044
15	45800000	45900000	40156	248	62703	40570	0.00617591	0.62703	0.989795
15	45900000	46000000	46384	306	54680	50204	0.0065971	0.5468	0.92391
15	46000000	46100000	61068	363	50034	61649	0.00594419	0.50034	0.990576
15	46100000	46200000	46317	308	61773	47363	0.00664983	0.61773	0.977915
15	46200000	46300000	55235	403	60660	56358	0.0072961	0.6066	0.980074
15	46300000	46400000	53051	491	68181	54041	0.00925524	0.68181	0.981681
15	46400000	46500000	45574	474	70267	46195	0.0104007	0.70267	0.986557
15	46500000	46600000	49813	434	54092	50696	0.00871259	0.54092	0.982582
15	46600000	46700000	52434	425	54663	53961	0.00810543	0.54663	0.971702
15	46700000	46800000	55833	352	52465	56383	0.00630452	0.52465	0.990245
15	46800000	46900000	54137	388	64732	54857	0.007167	0.64732	0.986875
15	46900000	47000000	61557	414	50354	62132	0.00672547	0.50354	0.990746
15	47000000	47100000	53155	391	60327	53701	0.00735585	0.60327	0.989833
15	47100000	47200000	61636	429	53282	63050	0.00696022	0.53282	0.977573
15	47200000	47300000	43402	311	77320	43854	0.00716557	0.7732	0.989693
15	47300000	47400000	22228	210	60032	22478	0.00944754	0.60032	0.988878
15	47400000	47500000	51714	319	54797	52455	0.00616854	0.54797	0.985874
15	47500000	47600000	60403	287	49166	60920	0.00475142	0.49166	0.991513
15	47600000	47700000	63533	379	42366	64136	0.0059654	0.42366	0.990598
15	47700000	47800000	69907	410	27414	70475	0.00586493	0.27414	0.99194
15	47800000	47900000	66991	375	31282	67799	0.00559777	0.31282	0.988082
15	47900000	48000000	65798	377	39187	66334	0.00572966	0.39187	0.99192
15	48000000	48100000	67332	390	26506	68025	0.00579219	0.26506	0.989813
15	48100000	48200000	60923	371	43577	62437	0.00608965	0.43577	0.975752
15	48200000	48300000	64413	462	40825	67444	0.00717247	0.40825	0.955059
15	48300000	48400000	65101	383	42149	65815	0.00588317	0.42149	0.989151
15	48400000	48500000	65081	312	31808	65536	0.00479403	0.31808	0.993057
15	48500000	48600000	62450	311	32193	63832	0.00497998	0.32193	0.978349
15	48600000	48700000	56626	343	43669	57097	0.00605729	0.43669	0.991751
15	48700000	48800000	70223	331	16144	70896	0.00471356	0.16144	0.990507
15	48800000	48900000	67743	345	26758	68364	0.00509278	0.26758	0.990916
15	48900000	49000000	59592	318	42797	60100	0.00533629	0.42797	0.991547
15	49000000	49100000	61650	309	40594	62194	0.00501217	0.40594	0.991253
15	49100000	49200000	56551	293	45174	57177	0.00518116	0.45174	0.989052
15	49200000	49300000	52125	226	41923	54538	0.00433573	0.41923	0.955756
15	49300000	49400000	53149	236	49756	53574	0.00444035	0.49756	0.992067
15	49400000	49500000	46919	183	57344	47964	0.00390034	0.57344	0.978213
15	49500000	49600000	52150	217	59842	53349	0.00416107	0.59842	0.977525
15	49600000	49700000	43295	176	58287	43663	0.00406513	0.58287	0.991572
15	49700000	49800000	51126	236	37441	51504	0.00461605	0.37441	0.992661
15	49800000	49900000	36064	205	83845	37957	0.00568434	0.83845	0.950128
15	49900000	50000000	54907	230	48819	56309	0.0041889	0.48819	0.975102
15	50000000	50100000	41590	240	67277	47059	0.00577062	0.67277	0.883784
15	50100000	50200000	57309	295	47519	57839	0.00514753	0.47519	0.990837
15	50200000	50300000	52397	300	57755	52899	0.00572552	0.57755	0.99051
15	50300000	50400000	59763	308	46471	61519	0.00515369	0.46471	0.971456
15	50400000	50500000	48762	316	62561	49662	0.00648046	0.62561	0.981877
15	50500000	50600000	51200	229	46911	53492	0.00447266	0.46911	0.957152
15	50600000	50700000	39836	124	64579	41770	0.00311276	0.64579	0.953699
15	50700000	50800000	40272	179	51010	40610	0.00444478	0.5101	0.991677
15	50800000	50900000	43306	237	61181	44514	0.00547268	0.61181	0.972862
15	50900000	51000000	36406	161	61826	36882	0.00442235	0.61826	0.987094
15	51000000	51100000	36427	168	58267	37856	0.00461196	0.58267	0.962252
15	51100000	51200000	30118	188	67925	39771	0.00624211	0.67925	0.757285
15	51200000	51300000	45714	261	52362	46405	0.00570941	0.52362	0.985109
15	51300000	51400000	52540	251	51031	54215	0.00477731	0.51031	0.969104
15	51400000	51500000	57743	268	48421	58673	0.00464126	0.48421	0.984149
15	51500000	51600000	64727	242	29143	65583	0.00373878	0.29143	0.986948
15	51600000	51700000	62334	329	41718	62982	0.00527802	0.41718	0.989711
15	51700000	51800000	47597	242	57819	49434	0.00508435	0.57819	0.962839
15	51800000	51900000	44302	269	65280	45805	0.00607196	0.6528	0.967187
15	51900000	52000000	54617	268	53360	55169	0.0049069	0.5336	0.989994
15	52000000	52100000	53117	345	50517	54289	0.0064951	0.50517	0.978412
15	52100000	52200000	53259	251	45309	53824	0.00471282	0.45309	0.989503
15	52200000	52300000	42022	265	57071	43141	0.00630622	0.57071	0.974062
15	52300000	52400000	40052	227	55161	42101	0.00566763	0.55161	0.951331
15	52400000	52500000	53126	266	52991	54446	0.00500696	0.52991	0.975756
15	52500000	52600000	60119	351	41234	61457	0.00583842	0.41234	0.978229
15	52600000	52700000	62033	230	30343	62471	0.0037077	0.30343	0.992989
15	52700000	52800000	42972	225	61218	43508	0.00523597	0.61218	0.98768
15	52800000	52900000	48021	270	45918	48870	0.00562254	0.45918	0.982627
15	52900000	53000000	56282	351	44178	57431	0.00623645	0.44178	0.979993
15	53000000	53100000	57687	302	35012	58185	0.00523515	0.35012	0.991441
15	53100000	53200000	51748	357	47815	52749	0.00689882	0.47815	0.981023
15	53200000	53300000	60963	436	44772	61538	0.00715188	0.44772	0.990656
15	53300000	53400000	51359	394	52183	52267	0.00767149	0.52183	0.982628
15	53400000	53500000	57066	376	46838	57645	0.00658886	0.46838	0.989956
15	53500000	53600000	63638	447	43114	64584	0.00702411	0.43114	0.985352
15	53600000	53700000	63599	497	41661	65059	0.00781459	0.41661	0.977559
15	53700000	53800000	60212	359	44656	62112	0.00596227	0.44656	0.96941
15	53800000	53900000	61168	413	35677	61761	0.0067519	0.35677	0.990398
15	53900000	54000000	55777	395	42537	56769	0.00708177	0.42537	0.982526
15	54000000	54100000	53780	440	56567	54910	0.00818148	0.56567	0.979421
15	54100000	54200000	53384	420	54591	53945	0.00786753	0.54591	0.989601
15	54200000	54300000	58911	481	45122	59869	0.00816486	0.45122	0.983998
15	54300000	54400000	59528	434	44009	60171	0.00729069	0.44009	0.989314
15	54400000	54500000	52945	492	59776	53707	0.00929266	0.59776	0.985812
15	54500000	54600000	59428	409	40552	60442	0.00688228	0.40552	0.983224
15	54600000	54700000	61750	434	48456	63289	0.00702834	0.48456	0.975683
15	54700000	54800000	48557	359	65100	49097	0.00739337	0.651	0.989001
15	54800000	54900000	57003	405	40038	58437	0.00710489	0.40038	0.975461
15	54900000	55000000	46367	335	58892	52601	0.00722497	0.58892	0.881485
15	55000000	55100000	48777	446	71980	49388	0.00914365	0.7198	0.987629
15	55100000	55200000	47096	451	65719	48080	0.00957618	0.65719	0.979534
15	55200000	55300000	45547	391	64216	46938	0.00858454	0.64216	0.970365
15	55300000	55400000	52383	412	62406	53148	0.00786515	0.62406	0.985606
15	55400000	55500000	31857	221	52485	48544	0.00693725	0.52485	0.65625
15	55500000	55600000	47261	313	55813	48171	0.0066228	0.55813	0.981109
15	55600000	55700000	43203	178	51967	43667	0.00412008	0.51967	0.989374
15	55700000	55800000	27396	150	74394	28018	0.00547525	0.74394	0.9778
15	55800000	55900000	35553	249	72157	38851	0.00700363	0.72157	0.915112
15	55900000	56000000	55837	300	37749	56402	0.00537278	0.37749	0.989983
15	56000000	56100000	42911	217	50973	46850	0.00505698	0.50973	0.915923
15	56100000	56200000	50324	253	52424	51007	0.00502742	0.52424	0.98661
15	56200000	56300000	41076	232	62584	41789	0.00564807	0.62584	0.982938
15	56300000	56400000	46954	259	59914	47541	0.00551604	0.59914	0.987653
15	56400000	56500000	45686	203	64618	46076	0.00444337	0.64618	0.991536
15	56500000	56600000	49043	230	65584	49928	0.00468976	0.65584	0.982274
15	56600000	56700000	43608	177	71433	44299	0.00405889	0.71433	0.984401
15	56700000	56800000	51829	256	63675	52389	0.00493932	0.63675	0.989311
15	56800000	56900000	37212	279	80918	38539	0.00749758	0.80918	0.965567
15	56900000	57000000	57966	209	44198	58441	0.00360556	0.44198	0.991872
15	57000000	57100000	49646	311	63874	50539	0.00626435	0.63874	0.98233
15	57100000	57200000	54071	295	65874	54858	0.00545579	0.65874	0.985654
15	57200000	57300000	52044	253	50793	52765	0.00486127	0.50793	0.986336
15	57300000	57400000	56509	274	42667	58906	0.00484879	0.42667	0.959308
15	57400000	57500000	56903	290	41512	57446	0.00509639	0.41512	0.990548
15	57500000	57600000	55491	342	33589	56072	0.00616316	0.33589	0.989638
15	57600000	57700000	53648	430	45062	55033	0.00801521	0.45062	0.974833
15	57700000	57800000	61890	453	40912	63747	0.00731944	0.40912	0.970869
15	57800000	57900000	67110	491	32299	69759	0.00731635	0.32299	0.962026
15	57900000	58000000	62928	439	38959	64405	0.00697623	0.38959	0.977067
15	58000000	58100000	58527	482	39512	61057	0.00823552	0.39512	0.958563
15	58100000	58200000	55700	464	53697	56841	0.00833034	0.53697	0.979926
15	58200000	58300000	59560	368	39530	60326	0.00617864	0.3953	0.987302
15	58300000	58400000	57191	377	51847	57990	0.00659195	0.51847	0.986222
15	58400000	58500000	53695	381	47346	54862	0.00709563	0.47346	0.978728
15	58500000	58600000	59820	486	51369	61370	0.00812437	0.51369	0.974743
15	58600000	58700000	49581	388	59939	51248	0.00782558	0.59939	0.967472
15	58700000	58800000	63899	415	40243	64945	0.00649462	0.40243	0.983894
15	58800000	58900000	62752	450	42733	63735	0.00717109	0.42733	0.984577
15	58900000	59000000	48093	302	55446	50817	0.0062795	0.55446	0.946396
15	59000000	59100000	43085	231	51167	44589	0.00536149	0.51167	0.96627
15	59100000	59200000	43338	229	51230	44812	0.00528405	0.5123	0.967107
15	59200000	59300000	43654	227	65863	44198	0.00519998	0.65863	0.987692
15	59300000	59400000	49278	231	47324	49788	0.00468769	0.47324	0.989757
15	59400000	59500000	50135	314	41387	52105	0.00626309	0.41387	0.962192
15	59500000	59600000	57065	387	37652	57772	0.00678174	0.37652	0.987762
15	59600000	59700000	44814	335	45191	49770	0.00747534	0.45191	0.900422
15	59700000	59800000	43323	281	59364	44834	0.00648616	0.59364	0.966298
15	59800000	59900000	41501	454	63842	44989	0.0109395	0.63842	0.92247
15	59900000	60000000	44994	272	44411	49039	0.00604525	0.44411	0.917515
15	60000000	60100000	48136	377	56126	48834	0.00783198	0.56126	0.985707
15	60100000	60200000	58344	392	41507	59547	0.00671877	0.41507	0.979797
15	60200000	60300000	58284	390	41803	59037	0.00669137	0.41803	0.987245
15	60300000	60400000	60465	404	41910	60982	0.00668155	0.4191	0.991522
15	60400000	60500000	62790	480	43351	63659	0.00764453	0.43351	0.986349
15	60500000	60600000	52699	487	54985	53398	0.00924116	0.54985	0.98691
15	60600000	60700000	51830	404	37152	53464	0.00779471	0.37152	0.969437
15	60700000	60800000	51640	273	39632	52553	0.0052866	0.39632	0.982627
15	60800000	60900000	64859	329	28673	65901	0.00507254	0.28673	0.984188
15	60900000	61000000	65191	361	26264	65708	0.00553757	0.26264	0.992132
15	61000000	61100000	70706	430	27860	71293	0.00608152	0.2786	0.991766
15	61100000	61200000	67111	450	28620	68050	0.00670531	0.2862	0.986201
15	61200000	61300000	61641	397	37600	62977	0.00644052	0.376	0.978786
15	61300000	61400000	67594	435	27004	68186	0.00643548	0.27004	0.991318
15	61400000	61500000	67201	417	28544	67852	0.00620526	0.28544	0.990406
15	61500000	61600000	58935	371	49542	60633	0.00629507	0.49542	0.971995
15	61600000	61700000	60821	472	54467	63183	0.00776048	0.54467	0.962617
15	61700000	61800000	61085	446	49499	62026	0.0073013	0.49499	0.984829
15	61800000	61900000	62202	467	44593	64094	0.0075078	0.44593	0.970481
15	61900000	62000000	67538	393	41210	68147	0.00581895	0.4121	0.991063
15	62000000	62100000	62789	414	49178	63515	0.00659351	0.49178	0.98857
15	62100000	62200000	59043	368	48458	59678	0.00623275	0.48458	0.98936
15	62200000	62300000	55904	360	43652	56528	0.00643961	0.43652	0.988961
15	62300000	62400000	52858	407	44291	54189	0.00769988	0.44291	0.975438
15	62400000	62500000	51657	373	48111	57405	0.00722071	0.48111	0.899869
15	62500000	62600000	22180	166	41627	38679	0.00748422	0.41627	0.573438
15	62600000	62700000	49233	388	53754	49823	0.00788089	0.53754	0.988158
15	62700000	62800000	59017	346	34625	59762	0.00586272	0.34625	0.987534
15	62800000	62900000	58907	354	36581	59508	0.00600947	0.36581	0.989901
15	62900000	63000000	62286	472	36710	63543	0.00757795	0.3671	0.980218
15	63000000	63100000	68044	403	27659	68719	0.00592264	0.27659	0.990177
15	63100000	63200000	61551	494	36608	62315	0.00802586	0.36608	0.98774
15	63200000	63300000	42014	267	49222	59208	0.00635502	0.49222	0.7096
15	63300000	63400000	61006	358	33584	62056	0.00586828	0.33584	0.98308
15	63400000	63500000	51340	188	46958	51854	0.00366186	0.46958	0.990088
15	63500000	63600000	53392	258	40920	53884	0.00483218	0.4092	0.990869
15	63600000	63700000	59042	364	39596	60693	0.0061651	0.39596	0.972798
15	63700000	63800000	54276	340	51484	55722	0.00626428	0.51484	0.97405
15	63800000	63900000	60497	290	34647	61872	0.00479363	0.34647	0.977777
15	63900000	64000000	56914	302	39539	57317	0.00530625	0.39539	0.992969
15	64000000	64100000	50143	320	56344	51333	0.00638175	0.56344	0.976818
15	64100000	64200000	50424	312	52606	51429	0.00618753	0.52606	0.980458
15	64200000	64300000	51292	329	51381	52279	0.00641426	0.51381	0.981121
15	64300000	64400000	52749	278	52054	53405	0.00527024	0.52054	0.987717
15	64400000	64500000	54246	204	34346	54618	0.00376065	0.34346	0.993189
15	64500000	64600000	41750	154	57363	42119	0.00368862	0.57363	0.991239
15	64600000	64700000	32900	134	59361	34042	0.00407295	0.59361	0.966453
15	64700000	64800000	43562	171	47907	45450	0.00392544	0.47907	0.95846
15	64800000	64900000	39002	294	61115	40405	0.00753807	0.61115	0.965277
15	64900000	65000000	45474	170	45467	47131	0.0037384	0.45467	0.964843
15	65000000	65100000	38316	200	56656	39018	0.00521975	0.56656	0.982008
15	65100000	65200000	49625	189	49688	51040	0.00380856	0.49688	0.972277
15	65200000	65300000	46287	257	53940	47011	0.00555231	0.5394	0.984599
15	65300000	65400000	55448	240	45367	56218	0.00432838	0.45367	0.986303
15	65400000	65500000	43838	146	54496	44636	0.00333044	0.54496	0.982122
15	65500000	65600000	45793	258	58934	46454	0.00563405	0.58934	0.985771
15	65600000	65700000	50584	194	41843	52284	0.0038352	0.41843	0.967485
15	65700000	65800000	39112	157	56287	40646	0.00401411	0.56287	0.96226
15	65800000	65900000	46727	197	55557	47405	0.00421598	0.55557	0.985698
15	65900000	66000000	53037	171	44485	56294	0.00322416	0.44485	0.942143
15	66000000	66100000	45577	181	52115	46035	0.0039713	0.52115	0.990051
15	66100000	66200000	40838	179	53196	42442	0.00438317	0.53196	0.962207
15	66200000	66300000	65211	376	38693	65982	0.0057659	0.38693	0.988315
15	66300000	66400000	64400	468	40460	65111	0.00726708	0.4046	0.98908
15	66400000	66500000	56388	373	40330	66768	0.00661488	0.4033	0.844536
15	66500000	66600000	53097	374	46061	56720	0.00704371	0.46061	0.936125
15	66600000	66700000	36358	197	57848	38889	0.00541834	0.57848	0.934917
15	66700000	66800000	45733	260	47446	46849	0.00568517	0.47446	0.976179
15	66800000	66900000	46630	245	54381	48716	0.00525413	0.54381	0.95718
15	66900000	67000000	56927	301	49482	58325	0.00528747	0.49482	0.976031
15	67000000	67100000	63742	380	39601	64534	0.00596153	0.39601	0.987727
15	67100000	67200000	53339	421	56502	54538	0.00789291	0.56502	0.978015
15	67200000	67300000	52551	389	62837	53050	0.00740233	0.62837	0.990594
15	67300000	67400000	57808	359	44058	59273	0.00621021	0.44058	0.975284
15	67400000	67500000	64538	370	31503	65123	0.00573306	0.31503	0.991017
15	67500000	67600000	54065	206	51922	54689	0.00381023	0.51922	0.98859
15	67600000	67700000	59917	205	42351	61648	0.0034214	0.42351	0.971921
15	67700000	67800000	49819	161	53389	50385	0.0032317	0.53389	0.988766
15	67800000	67900000	55600	242	38108	56107	0.00435252	0.38108	0.990964
15	67900000	68000000	55125	282	48929	56145	0.00511565	0.48929	0.981833
15	68000000	68100000	66884	257	26525	67339	0.00384247	0.26525	0.993243
15	68100000	68200000	50753	263	56794	53139	0.00518196	0.56794	0.955099
15	68200000	68300000	49202	319	64408	50592	0.00648348	0.64408	0.972525
15	68300000	68400000	47446	261	61840	48548	0.00550099	0.6184	0.977301
15	68400000	68500000	54545	297	46661	54991	0.00544505	0.46661	0.99189
15	68500000	68600000	49088	280	55556	50068	0.00570404	0.55556	0.980427
15	68600000	68700000	63873	451	38538	65696	0.00706089	0.38538	0.972251
15	68700000	68800000	64373	468	51649	65488	0.00727013	0.51649	0.982974
15	68800000	68900000	62086	337	50266	62872	0.00542795	0.50266	0.987498
15	68900000	69000000	60439	344	47298	61653	0.00569169	0.47298	0.980309
15	69000000	69100000	52753	307	52902	54315	0.00581957	0.52902	0.971242
15	69100000	69200000	51277	281	57088	52153	0.00548004	0.57088	0.983203
15	69200000	69300000	47624	210	71492	49078	0.00440954	0.71492	0.970374
15	69300000	69400000	64670	317	44695	65185	0.00490181	0.44695	0.992099
15	69400000	69500000	60651	288	51404	61220	0.00474848	0.51404	0.990706
15	69500000	69600000	57917	254	46597	58371	0.00438559	0.46597	0.992222
15	69600000	69700000	51239	344	55821	51818	0.00671364	0.55821	0.988826
15	69700000	69800000	52658	286	44431	54339	0.00543127	0.44431	0.969065
15	69800000	69900000	64532	390	46741	65424	0.00604351	0.46741	0.986366
15	69900000	70000000	56751	335	55993	59295	0.00590298	0.55993	0.957096
15	70000000	70100000	61149	400	50566	61777	0.0065414	0.50566	0.989834
15	70100000	70200000	66238	393	34751	69283	0.00593315	0.34751	0.95605
15	70200000	70300000	65285	423	47207	65947	0.00647928	0.47207	0.989962
15	70300000	70400000	67729	325	27765	69935	0.00479854	0.27765	0.968456
15	70400000	70500000	64994	398	42925	65891	0.00612364	0.42925	0.986387
15	70500000	70600000	64607	410	45063	68256	0.00634606	0.45063	0.946539
15	70600000	70700000	60442	377	49088	60964	0.00623738	0.49088	0.991438
15	70700000	70800000	64038	371	38020	66900	0.00579344	0.3802	0.95722
15	70800000	70900000	52158	339	53025	60198	0.00649948	0.53025	0.866441
15	70900000	71000000	57299	205	43780	58826	0.00357772	0.4378	0.974042
15	71000000	71100000	45801	219	53278	47944	0.00478155	0.53278	0.955302
15	71100000	71200000	55119	297	48055	55490	0.00538834	0.48055	0.993314
15	71200000	71300000	47825	161	63093	48144	0.00336644	0.63093	0.993374
15	71300000	71400000	41250	179	64407	48690	0.00433939	0.64407	0.847197
15	71400000	71500000	57098	324	45215	58382	0.00567445	0.45215	0.978007
15	71500000	71600000	58521	313	44380	59339	0.00534851	0.4438	0.986215
15	71600000	71700000	58656	387	49360	59317	0.00659779	0.4936	0.988856
15	71700000	71800000	57124	414	52228	57619	0.00724739	0.52228	0.991409
15	71800000	71900000	59481	417	52441	60126	0.00701064	0.52441	0.989273
15	71900000	72000000	58491	377	43736	59403	0.00644544	0.43736	0.984647
15	72000000	72100000	52416	379	51669	54528	0.00723062	0.51669	0.961268
15	72100000	72200000	61882	213	42005	62323	0.00344203	0.42005	0.992924
15	72200000	72300000	51123	231	64474	51967	0.00451851	0.64474	0.983759
15	72300000	72400000	37706	206	69076	38993	0.00546332	0.69076	0.966994
15	72400000	72500000	51404	250	43340	53576	0.00486343	0.4334	0.959459
15	72500000	72600000	53808	181	37418	56584	0.00336381	0.37418	0.95094
15	72600000	72700000	49076	204	51408	51118	0.00415682	0.51408	0.960053
15	72700000	72800000	40093	188	64225	40513	0.0046891	0.64225	0.989633
15	72800000	72900000	49762	273	51159	51567	0.00548611	0.51159	0.964997
15	72900000	73000000	14005	99	45329	15757	0.0070689	0.45329	0.888811
15	73000000	73100000	50537	281	51730	51915	0.00556028	0.5173	0.973457
15	73100000	73200000	57801	368	60617	59801	0.00636667	0.60617	0.966556
15	73200000	73300000	58476	364	57741	59152	0.00622478	0.57741	0.988572
15	73300000	73400000	46205	234	47313	59931	0.00506439	0.47313	0.77097
15	73400000	73500000	58116	277	55002	58544	0.00476633	0.55002	0.992689
15	73500000	73600000	53330	291	45765	53991	0.00545659	0.45765	0.987757
15	73600000	73700000	61694	287	42210	64647	0.00465199	0.4221	0.954321
15	73700000	73800000	51232	287	66669	51731	0.00560197	0.66669	0.990354
15	73800000	73900000	52208	201	48856	52620	0.00384998	0.48856	0.99217
15	73900000	74000000	54983	272	52031	56729	0.00494698	0.52031	0.969222
15	74000000	74100000	65579	376	34923	67158	0.00573354	0.34923	0.976488
15	74100000	74200000	66054	441	38551	67869	0.00667636	0.38551	0.973257
15	74200000	74300000	55272	285	49774	56070	0.00515632	0.49774	0.985768
15	74300000	74400000	20444	96	34887	27017	0.00469575	0.34887	0.756709
15	74400000	74500000	53230	301	41414	54804	0.00565471	0.41414	0.971279
15	74500000	74600000	61687	354	32743	66433	0.00573865	0.32743	0.92856
15	74600000	74700000	51525	312	40894	56944	0.00605531	0.40894	0.904836
15	74700000	74800000	51844	222	53049	53352	0.00428208	0.53049	0.971735
15	74800000	74900000	45119	189	51472	45461	0.00418892	0.51472	0.992477
15	74900000	75000000	48478	239	47984	52717	0.00493007	0.47984	0.91959
15	75000000	75100000	44975	227	50147	49206	0.00504725	0.50147	0.914015
15	75100000	75200000	50079	266	40738	51279	0.00531161	0.40738	0.976599
15	75200000	75300000	32742	203	63631	36306	0.00619999	0.63631	0.901834
15	75300000	75400000	44852	229	61079	46555	0.00510568	0.61079	0.96342
15	75400000	75500000	41759	222	61171	43200	0.00531622	0.61171	0.966644
15	75500000	75600000	17871	122	27549	18285	0.0068267	0.27549	0.977358
15	75600000	75700000	35832	165	45582	37222	0.00460482	0.45582	0.962656
15	75700000	75800000	33794	134	56664	38185	0.0039652	0.56664	0.885007
15	75800000	75900000	29790	129	63288	33180	0.00433031	0.63288	0.89783
15	75900000	76000000	35701	206	37867	39619	0.00577015	0.37867	0.901108
15	76000000	76100000	7561	61	36897	15583	0.00806772	0.36897	0.485208
15	76100000	76200000	7024	45	48263	39607	0.00640661	0.48263	0.177342
15	76200000	76300000	48552	250	65049	49061	0.00514912	0.65049	0.989625
15	76300000	76400000	38806	185	68516	41058	0.0047673	0.68516	0.945151
15	76400000	76500000	61796	380	42486	63079	0.00614927	0.42486	0.97966
15	76500000	76600000	38199	207	55671	49404	0.00541899	0.55671	0.773197
15	76600000	76700000	57883	296	40400	60305	0.00511376	0.404	0.959837
15	76700000	76800000	48185	281	65725	49574	0.00583169	0.65725	0.971981
15	76800000	76900000	40086	278	71333	41324	0.00693509	0.71333	0.970042
15	76900000	77000000	43799	304	74973	45014	0.0069408	0.74973	0.973008
15	77000000	77100000	45311	203	75780	45728	0.00448015	0.7578	0.990881
15	77100000	77200000	34672	163	77889	37046	0.0047012	0.77889	0.935918
15	77200000	77300000	52735	235	55239	54354	0.00445624	0.55239	0.970214
15	77300000	77400000	60036	281	37384	63595	0.00468053	0.37384	0.944036
15	77400000	77500000	53510	241	46133	54529	0.00450383	0.46133	0.981313
15	77500000	77600000	45547	172	62271	46901	0.00377632	0.62271	0.971131
15	77600000	77700000	52394	295	51814	52823	0.00563042	0.51814	0.991879
15	77700000	77800000	57826	276	47880	60820	0.00477294	0.4788	0.950773
15	77800000	77900000	63107	413	41115	65495	0.00654444	0.41115	0.963539
15	77900000	78000000	64154	386	30798	70683	0.00601677	0.30798	0.90763
15	78000000	78100000	63573	497	40028	66978	0.00781778	0.40028	0.949162
15	78100000	78200000	34844	359	32235	36140	0.0103031	0.32235	0.964139
15	78200000	78300000	8127	88	29879	10361	0.0108281	0.29879	0.784384
15	78300000	78400000	56103	315	41700	58625	0.00561467	0.417	0.956981
15	78400000	78500000	53093	274	47515	53879	0.00516076	0.47515	0.985412
15	78500000	78600000	55470	377	46561	56018	0.00679647	0.46561	0.990217
15	78600000	78700000	53892	333	53053	55905	0.00617902	0.53053	0.963992
15	78700000	78800000	48595	240	54597	48979	0.00493878	0.54597	0.99216
15	78800000	78900000	48162	249	50404	49549	0.00517005	0.50404	0.972008
15	78900000	79000000	38377	252	57843	44399	0.00656643	0.57843	0.864366
15	79000000	79100000	7695	94	39517	8913	0.0122157	0.39517	0.863346
15	79100000	79200000	41453	230	53641	42767	0.00554845	0.53641	0.969275
15	79200000	79300000	53921	340	42772	57086	0.00630552	0.42772	0.944557
15	79300000	79400000	64457	387	40121	68556	0.006004	0.40121	0.940209
15	79400000	79500000	63089	453	53906	64708	0.00718033	0.53906	0.97498
15	79500000	79600000	63171	355	47191	64099	0.00561967	0.47191	0.985522
15	79600000	79700000	53644	325	64479	55626	0.00605846	0.64479	0.964369
15	79700000	79800000	61536	346	46471	62684	0.00562272	0.46471	0.981686
15	79800000	79900000	63165	407	47357	64293	0.00644344	0.47357	0.982455
15	79900000	80000000	58318	404	60611	59070	0.00692754	0.60611	0.987269
15	80000000	80100000	44264	377	57805	45033	0.00851708	0.57805	0.982924
15	80100000	80200000	56210	326	49813	56938	0.00579968	0.49813	0.987214
15	80200000	80300000	35802	263	61254	37905	0.00734596	0.61254	0.944519
15	80300000	80400000	46495	324	59355	47007	0.00696849	0.59355	0.989108
15	80400000	80500000	55898	369	51267	59304	0.00660131	0.51267	0.942567
15	80500000	80600000	56259	345	54990	58717	0.00613235	0.5499	0.958138
15	80600000	80700000	60859	369	49486	61417	0.0060632	0.49486	0.990915
15	80700000	80800000	63362	357	31667	68440	0.00563429	0.31667	0.925804
15	80800000	80900000	62972	411	45318	64529	0.00652671	0.45318	0.975871
15	80900000	81000000	51016	352	52151	53974	0.0068998	0.52151	0.945196
15	81000000	81100000	60004	404	38804	60567	0.00673288	0.38804	0.990705
15	81100000	81200000	63756	354	34760	67504	0.00555242	0.3476	0.944477
15	81200000	81300000	59168	291	40327	60901	0.0049182	0.40327	0.971544
15	81300000	81400000	54592	346	53287	55758	0.00633792	0.53287	0.979088
15	81400000	81500000	51199	320	59151	51910	0.00625012	0.59151	0.986303
15	81500000	81600000	61525	334	51387	62141	0.00542869	0.51387	0.990087
15	81600000	81700000	63179	354	39567	63802	0.00560313	0.39567	0.990235
15	81700000	81800000	57379	364	58636	57935	0.00634378	0.58636	0.990403
15	81800000	81900000	56055	288	57008	56752	0.00513781	0.57008	0.987718
15	81900000	82000000	39681	246	66492	40296	0.00619944	0.66492	0.984738
15	82000000	82100000	49997	262	55038	50415	0.00524031	0.55038	0.991709
15	82100000	82200000	55951	355	50662	56543	0.00634484	0.50662	0.98953
15	82200000	82300000	50149	263	65393	51077	0.00524437	0.65393	0.981831
15	82300000	82400000	54290	357	45896	59157	0.0065758	0.45896	0.917727
15	82400000	82500000	53071	285	36963	54122	0.00537016	0.36963	0.980581
15	82500000	82600000	10737	106	47350	11944	0.0098724	0.4735	0.898945
15	82600000	82700000	0	0	39612	0		0.39612	
15	82700000	82800000	0	0	35891	0		0.35891	
15	82800000	82900000	0	0	19291	0		0.19291	
15	82900000	83000000	0	0	34509	0		0.34509	
15	83000000	83100000	0	0	40958	0		0.40958	
15	83100000	83200000	0	0	34893	0		0.34893	
15	83200000	83300000	39709	165	53115	42927	0.00415523	0.53115	0.925036
15	83300000	83400000	47746	220	49362	49300	0.00460772	0.49362	0.968479
15	83400000	83500000	38432	181	54572	39781	0.00470962	0.54572	0.966089
15	83500000	83600000	52296	294	49061	54311	0.00562184	0.49061	0.962899
15	83600000	83700000	44288	194	53065	49614	0.00438042	0.53065	0.892651
15	83700000	83800000	51297	231	57485	52346	0.00450319	0.57485	0.97996
15	83800000	83900000	47950	185	61224	49104	0.00385819	0.61224	0.976499
15	83900000	84000000	56208	222	48089	57004	0.00394962	0.48089	0.986036
15	84000000	84100000	51288	246	52735	52171	0.00479644	0.52735	0.983075
15	84100000	84200000	48762	273	58244	52604	0.00559862	0.58244	0.926964
15	84200000	84300000	56677	311	54759	57234	0.00548723	0.54759	0.990268
15	84300000	84400000	55588	330	53067	56339	0.00593653	0.53067	0.98667
15	84400000	84500000	47660	268	64188	49882	0.00562316	0.64188	0.955455
15	84500000	84600000	57111	359	52064	57679	0.006286	0.52064	0.990152
15	84600000	84700000	53519	291	57094	54056	0.00543732	0.57094	0.990066
15	84700000	84800000	17851	140	50808	18074	0.0078427	0.50808	0.987662
15	84800000	84900000	790	9	38000	1602	0.0113924	0.38	0.493134
15	84900000	85000000	0	0	29433	158		0.29433	0
15	85000000	85100000	0	0	24141	458		0.24141	0
15	85100000	85200000	22834	104	50323	28434	0.00455461	0.50323	0.803053
15	85200000	85300000	40717	137	57448	41213	0.00336469	0.57448	0.987965
15	85300000	85400000	55492	234	46638	56457	0.00421682	0.46638	0.982907
15	85400000	85500000	54054	299	49904	55616	0.00553151	0.49904	0.971915
15	85500000	85600000	51415	301	56694	52300	0.00585432	0.56694	0.983078
15	85600000	85700000	56713	338	51224	58083	0.00595983	0.51224	0.976413
15	85700000	85800000	5363	32	44986	6138	0.00596681	0.44986	0.873737
15	85800000	85900000	19095	138	50419	30746	0.00722702	0.50419	0.621056
15	85900000	86000000	45463	267	54433	46955	0.00587291	0.54433	0.968225
15	86000000	86100000	54960	330	35989	59068	0.00600437	0.35989	0.930453
15	86100000	86200000	56668	284	38121	58157	0.00501165	0.38121	0.974397
15	86200000	86300000	58646	291	31887	59227	0.00496198	0.31887	0.99019
15	86300000	86400000	51050	321	48115	53038	0.00628795	0.48115	0.962517
15	86400000	86500000	57258	394	47200	59096	0.00688113	0.472	0.968898
15	86500000	86600000	53432	441	46913	55108	0.00825348	0.46913	0.969587
15	86600000	86700000	57635	461	51847	58266	0.00799861	0.51847	0.98917
15	86700000	86800000	57160	427	50292	58552	0.00747026	0.50292	0.976226
15	86800000	86900000	61210	396	43713	62002	0.00646953	0.43713	0.987226
15	86900000	87000000	61740	460	44367	62814	0.0074506	0.44367	0.982902
15	87000000	87100000	53123	387	55134	54385	0.00728498	0.55134	0.976795
15	87100000	87200000	56845	431	52546	57690	0.00758202	0.52546	0.985353
15	87200000	87300000	57708	427	43734	58619	0.00739932	0.43734	0.984459
15	87300000	87400000	60785	439	46808	63274	0.00722218	0.46808	0.960663
15	87400000	87500000	57934	438	42930	58834	0.00756033	0.4293	0.984703
15	87500000	87600000	43311	328	67199	44769	0.00757313	0.67199	0.967433
15	87600000	87700000	59904	407	57149	60536	0.0067942	0.57149	0.98956
15	87700000	87800000	57790	384	49712	58421	0.00664475	0.49712	0.989199
15	87800000	87900000	54270	323	61468	55005	0.00595172	0.61468	0.986638
15	87900000	88000000	57340	398	61159	57924	0.00694105	0.61159	0.989918
15	88000000	88100000	52270	466	54212	54064	0.00891525	0.54212	0.966817
15	88100000	88200000	66985	469	45184	68278	0.00700157	0.45184	0.981063
15	88200000	88300000	61735	395	46231	62328	0.00639832	0.46231	0.990486
15	88300000	88400000	52490	470	54566	56143	0.00895409	0.54566	0.934934
15	88400000	88500000	69395	417	27128	70002	0.00600908	0.27128	0.991329
15	88500000	88600000	69390	431	30322	70783	0.00621127	0.30322	0.98032
15	88600000	88700000	65276	387	36193	67817	0.00592867	0.36193	0.962532
15	88700000	88800000	69395	421	32085	72486	0.00606672	0.32085	0.957357
15	88800000	88900000	66073	386	41057	67685	0.00584202	0.41057	0.976184
15	88900000	89000000	59586	398	58877	61308	0.00667942	0.58877	0.971912
15	89000000	89100000	50828	282	59290	52128	0.00554812	0.5929	0.975061
15	89100000	89200000	50173	360	54439	50801	0.00717517	0.54439	0.987638
15	89200000	89300000	53576	348	57269	55162	0.00649545	0.57269	0.971248
15	89300000	89400000	57158	351	45161	58975	0.00614087	0.45161	0.96919
15	89400000	89500000	44787	352	50441	46401	0.00785942	0.50441	0.965216
15	89500000	89600000	30824	253	76716	31920	0.00820789	0.76716	0.965664
15	89600000	89700000	53506	275	41733	58081	0.00513961	0.41733	0.921231
15	89700000	89800000	52023	283	50136	52782	0.0054399	0.50136	0.98562
15	89800000	89900000	55690	253	43391	56315	0.00454301	0.43391	0.988902
15	89900000	90000000	66495	333	24060	68707	0.0050079	0.2406	0.967805
15	90000000	90100000	51854	286	57474	53700	0.00551549	0.57474	0.965624
15	90100000	90200000	37513	164	57007	48686	0.00437182	0.57007	0.770509
15	90200000	90300000	50327	344	50007	53151	0.0068353	0.50007	0.946868
15	90300000	90400000	52811	354	48271	53294	0.00670315	0.48271	0.990937
15	90400000	90500000	41486	275	62076	41846	0.00662874	0.62076	0.991397
15	90500000	90600000	47499	297	55618	49339	0.00625276	0.55618	0.962707
15	90600000	90700000	39910	294	59183	41070	0.00736657	0.59183	0.971756
15	90700000	90800000	43968	307	51823	45931	0.00698235	0.51823	0.957262
15	90800000	90900000	27939	197	50795	29665	0.00705108	0.50795	0.941817
15	90900000	91000000	27444	147	51085	47189	0.00535636	0.51085	0.581576
15	91000000	91100000	47620	217	55587	48224	0.00455691	0.55587	0.987475
15	91100000	91200000	50337	242	47985	53357	0.0048076	0.47985	0.9434
15	91200000	91300000	40097	224	67130	40961	0.00558645	0.6713	0.978907
15	91300000	91400000	44793	285	56142	46096	0.0063626	0.56142	0.971733
15	91400000	91500000	53447	284	36006	54787	0.00531368	0.36006	0.975542
15	91500000	91600000	41733	275	47371	42493	0.00658951	0.47371	0.982115
15	91600000	91700000	53769	392	57024	54685	0.00729045	0.57024	0.98325
15	91700000	91800000	57204	452	51998	58010	0.00790155	0.51998	0.986106
15	91800000	91900000	60039	455	45504	61801	0.00757841	0.45504	0.971489
15	91900000	92000000	47033	353	66524	48668	0.00750537	0.66524	0.966405
15	92000000	92100000	59128	513	56908	61004	0.00867609	0.56908	0.969248
15	92100000	92200000	57188	432	55053	59735	0.00755403	0.55053	0.957362
15	92200000	92300000	63983	459	49943	65089	0.00717378	0.49943	0.983008
15	92300000	92400000	61668	410	42996	62364	0.0066485	0.42996	0.98884
15	92400000	92500000	62874	396	36304	65179	0.00629831	0.36304	0.964636
15	92500000	92600000	61973	493	40559	63789	0.00795508	0.40559	0.971531
15	92600000	92700000	64632	562	38334	65698	0.00869538	0.38334	0.983774
15	92700000	92800000	50187	445	55165	51230	0.00886684	0.55165	0.979641
15	92800000	92900000	60523	421	51079	61236	0.00695603	0.51079	0.988357
15	92900000	93000000	64335	395	38732	65542	0.00613974	0.38732	0.981584
15	93000000	93100000	58615	414	51479	59494	0.00706304	0.51479	0.985225
15	93100000	93200000	40333	260	36697	60875	0.00644633	0.36697	0.662554
15	93200000	93300000	44713	321	61341	45754	0.00717912	0.61341	0.977248
15	93300000	93400000	30570	240	63339	31175	0.00785083	0.63339	0.980593
15	93400000	93500000	49749	286	39324	50956	0.00574886	0.39324	0.976313
15	93500000	93600000	57595	437	40653	60850	0.00758746	0.40653	0.946508
15	93600000	93700000	58049	457	40488	58879	0.00787266	0.40488	0.985903
15	93700000	93800000	51350	395	56231	54544	0.00769231	0.56231	0.941442
15	93800000	93900000	53450	374	46623	54845	0.00699719	0.46623	0.974565
15	93900000	94000000	52909	498	52194	53856	0.00941239	0.52194	0.982416
15	94000000	94100000	57135	427	43468	59110	0.00747353	0.43468	0.966588
15	94100000	94200000	58681	538	48563	61391	0.00916821	0.48563	0.955857
15	94200000	94300000	48370	357	62957	49312	0.00738061	0.62957	0.980897
15	94300000	94400000	53945	411	49687	56195	0.00761887	0.49687	0.959961
15	94400000	94500000	60562	468	48193	61166	0.00772762	0.48193	0.990125
15	94500000	94600000	49283	373	48412	58987	0.00756853	0.48412	0.835489
15	94600000	94700000	57904	454	50927	58557	0.00784056	0.50927	0.988848
15	94700000	94800000	49880	338	58984	50785	0.00677626	0.58984	0.98218
15	94800000	94900000	60370	454	40713	61547	0.00752029	0.40713	0.980876
15	94900000	95000000	65293	461	30209	66579	0.00706048	0.30209	0.980685
15	95000000	95100000	60019	434	51686	60890	0.00723104	0.51686	0.985696
15	95100000	95200000	66817	516	36271	68006	0.00772259	0.36271	0.982516
15	95200000	95300000	62554	390	34109	63255	0.00623461	0.34109	0.988918
15	95300000	95400000	54583	385	51571	55917	0.00705348	0.51571	0.976143
15	95400000	95500000	57586	338	59811	58737	0.00586948	0.59811	0.980404
15	95500000	95600000	56098	388	55625	56673	0.00691647	0.55625	0.989854
15	95600000	95700000	56580	378	51999	57186	0.00668081	0.51999	0.989403
15	95700000	95800000	53977	405	51398	54522	0.0075032	0.51398	0.990004
15	95800000	95900000	63063	429	30070	64562	0.00680272	0.3007	0.976782
15	95900000	96000000	62490	413	42105	63087	0.00660906	0.42105	0.990537
15	96000000	96100000	63108	501	33212	63861	0.00793877	0.33212	0.988209
15	96100000	96200000	66002	443	27440	66752	0.00671192	0.2744	0.988764
15	96200000	96300000	63196	335	40835	63799	0.00530097	0.40835	0.990548
15	96300000	96400000	60915	391	42406	61816	0.00641878	0.42406	0.985424
15	96400000	96500000	65062	450	21897	65831	0.00691648	0.21897	0.988319
15	96500000	96600000	60956	417	31233	65433	0.006841	0.31233	0.931579
15	96600000	96700000	60698	402	31362	61897	0.00662295	0.31362	0.980629
15	96700000	96800000	60019	389	40926	60680	0.00648128	0.40926	0.989107
15	96800000	96900000	62876	401	18896	63684	0.00637763	0.18896	0.987312
15	96900000	97000000	57795	376	29682	58786	0.00650575	0.29682	0.983142
15	97000000	97100000	61890	381	41001	63106	0.00615608	0.41001	0.980731
15	97100000	97200000	62573	350	28893	66788	0.00559347	0.28893	0.93689
15	97200000	97300000	63268	362	34636	64380	0.00572169	0.34636	0.982728
15	97300000	97400000	61051	399	36962	62060	0.00653552	0.36962	0.983742
15	97400000	97500000	55310	299	45801	56946	0.00540589	0.45801	0.971271
15	97500000	97600000	61118	349	53576	61779	0.00571027	0.53576	0.989301
15	97600000	97700000	53108	326	47891	55896	0.00613843	0.47891	0.950122
15	97700000	97800000	63132	441	49676	63700	0.00698536	0.49676	0.991083
15	97800000	97900000	42139	346	62329	42617	0.00821092	0.62329	0.988784
15	97900000	98000000	50107	338	44574	50824	0.00674556	0.44574	0.985892
15	98000000	98100000	61670	469	50490	62350	0.00760499	0.5049	0.989094
15	98100000	98200000	54549	402	52845	55731	0.00736952	0.52845	0.978791
15	98200000	98300000	64280	427	45077	64906	0.00664281	0.45077	0.990355
15	98300000	98400000	59127	428	50686	59883	0.00723866	0.50686	0.987375
15	98400000	98500000	58752	441	42727	59333	0.00750613	0.42727	0.990208
15	98500000	98600000	54784	377	45299	57571	0.00688157	0.45299	0.95159
15	98600000	98700000	49854	372	55728	51669	0.00746179	0.55728	0.964873
15	98700000	98800000	61379	455	42007	62108	0.00741296	0.42007	0.988262
15	98800000	98900000	59864	477	44929	60507	0.00796806	0.44929	0.989373
15	98900000	99000000	57741	507	47205	58567	0.00878059	0.47205	0.985896
15	99000000	99100000	46031	379	57433	47438	0.00823358	0.57433	0.97034
15	99100000	99200000	47901	348	45711	49116	0.00726498	0.45711	0.975263
15	99200000	99300000	62053	328	28398	63139	0.0052858	0.28398	0.9828
15	99300000	99400000	61345	415	26499	63146	0.00676502	0.26499	0.971479
15	99400000	99500000	65470	524	24207	66293	0.00800367	0.24207	0.987585
15	99500000	99600000	41771	313	56784	43009	0.00749324	0.56784	0.971215
15	99600000	99700000	56577	407	43457	59539	0.00719374	0.43457	0.950251
15	99700000	99800000	48443	344	57759	50684	0.00710113	0.57759	0.955785
15	99800000	99900000	54236	372	47960	54821	0.00685891	0.4796	0.989329
15	99900000	100000000	53033	392	47637	54557	0.00739162	0.47637	0.972066
15	100000000	100100000	54212	400	57158	54924	0.00737844	0.57158	0.987037
15	100100000	100200000	52402	266	54064	58940	0.00507614	0.54064	0.889074
15	100200000	100300000	51920	307	50329	55705	0.00591294	0.50329	0.932053
15	100300000	100400000	9242	143	40272	12415	0.0154728	0.40272	0.744422
15	100400000	100500000	38972	409	57347	40018	0.0104947	0.57347	0.973862
15	100500000	100600000	58455	518	42439	59872	0.00886152	0.42439	0.976333
15	100600000	100700000	47989	452	48558	50048	0.00941883	0.48558	0.958859
15	100700000	100800000	61227	644	35641	63000	0.0105182	0.35641	0.971857
15	100800000	100900000	55764	450	49190	57562	0.00806972	0.4919	0.968764
15	100900000	101000000	34960	247	76570	38047	0.00706522	0.7657	0.918864
15	101000000	101100000	54896	399	37583	55670	0.00726829	0.37583	0.986097
15	101100000	101200000	52523	342	43808	53273	0.00651143	0.43808	0.985922
15	101200000	101300000	56710	463	52230	57690	0.00816434	0.5223	0.983013
15	101300000	101400000	56644	462	48413	58184	0.0081562	0.48413	0.973532
15	101400000	101500000	62766	590	33512	64183	0.00939999	0.33512	0.977923
15	101500000	101600000	59387	534	45446	61213	0.00899187	0.45446	0.97017
15	101600000	101700000	48210	432	42036	57220	0.0089608	0.42036	0.842538
15	101700000	101800000	57182	590	38351	58737	0.0103179	0.38351	0.973526
15	101800000	101900000	58746	473	38957	60075	0.00805161	0.38957	0.977878
15	101900000	102000000	63610	577	36251	64801	0.0090709	0.36251	0.981621
15	102000000	102100000	59967	610	43641	63696	0.0101723	0.43641	0.941456
15	102100000	102200000	51792	422	58049	52840	0.00814798	0.58049	0.980167
15	102200000	102300000	40136	289	56069	41627	0.00720052	0.56069	0.964182
15	102300000	102400000	26130	178	39318	39393	0.00681209	0.39318	0.663316
15	102400000	102500000	192	4	60513	199	0.0208333	0.60513	0.964824
15	102500000	102600000	0	0	5637	0		0.05637	
